datum;intakt
2026-05-13;6503
2026-05-12;4753
2026-05-11;2038
2026-05-10;9527
2026-05-09;5944
2026-05-08;6610
2026-05-07;6000
2026-05-06;4007
2026-05-05;4279
2026-05-04;834
2026-05-03;8173
2026-05-02;5871
2026-05-01;8290
2026-04-30;2068
2026-04-29;4007
2026-04-28;3686
2026-04-26;5409
2026-04-25;10060
2026-04-24;5889
2026-04-23;5507
2026-04-22;3419
2026-04-21;2026
2026-04-19;3324
2026-04-18;7572
2026-04-17;3034
2026-04-16;4977
2026-04-15;2114
2026-04-14;3482
2026-04-12;3309
2026-04-11;9912
2026-04-10;5105
2026-04-09;5737
2026-04-08;4535
2026-04-07;8088
2026-04-06;10024
2026-04-05;7896
2026-04-04;9438
2026-04-03;10148
2026-04-02;14700
2026-04-01;5649
2026-03-31;10062
2026-03-30;8706
2026-03-29;8707
2026-03-28;6101
2026-03-27;6277
2026-03-26;10377
2026-03-25;4494
2026-03-24;4829
2026-03-22;5296
2026-03-21;5465
2026-03-20;3218
2026-03-19;7240
2026-03-18;3817
2026-03-17;4124
2026-03-15;6813
2026-03-14;6715
2026-03-13;1908
2026-03-12;4350
2026-03-11;2020
2026-03-10;4008
2026-03-08;5245
2026-03-07;9034
2026-03-06;2353
2026-03-05;3315
2026-03-04;2023
2026-03-03;3352
2026-03-01;7430
2026-02-28;5433
2026-02-27;5269
2026-02-26;6677
2026-02-25;2689
2026-02-24;8137
2026-02-22;5096
2026-02-21;4993
2026-02-20;11017
2026-02-19;6156
2026-02-18;4369
2026-02-17;4822
2026-02-16;3108
2026-02-15;2927
2026-02-14;5051
2026-02-13;1115
2026-02-12;2552
2026-02-11;2704
2026-02-10;1418
2026-02-08;2107
2026-02-07;5092
2026-02-06;2277
2026-02-05;1450
2026-02-04;2611
2026-02-03;3058
2026-02-02;85
2026-02-01;2475
2026-01-31;4035
2026-01-30;585
2026-01-29;2344
2026-01-28;1400
2026-01-27;1060
2026-01-25;1689
2026-01-24;6422
2026-01-23;2851
2026-01-22;2156
2026-01-21;2295
2026-01-20;2334
2026-01-18;5464
2026-01-17;3505
2026-01-16;2793
2026-01-15;3605
2026-01-14;1880
2026-01-13;1597
2026-01-11;2228
2026-01-10;4034
2026-01-09;1317
2026-01-08;3018
2026-01-07;1402
2026-01-06;3557
2026-01-05;5296
2026-01-04;1857
2026-01-03;7869
2026-01-02;3296
2025-12-30;6752
2025-12-29;6520
2025-12-28;8116
2025-12-27;8235
2025-12-26;11466
2025-12-23;11249
2025-12-22;14530
2025-12-21;12118
2025-12-20;21399
2025-12-19;20211
2025-12-18;17892
2025-12-17;14430
2025-12-16;14775
2025-12-14;12793
2025-12-13;28626
2025-12-12;18259
2025-12-11;19063
2025-12-10;11211
2025-12-09;12299
2025-12-07;13532
2025-12-06;22752
2025-12-05;8182
2025-12-04;21517
2025-12-03;9280
2025-12-02;9457
2025-11-30;78465
2025-11-29;85621
2025-11-28;41490
2025-11-27;19298
2025-11-26;8884
2025-11-25;5856
2025-11-23;7273
2025-11-22;5930
2025-11-21;2906
2025-11-20;8339
2025-11-19;3006
2025-11-18;1763
2025-11-16;6020
2025-11-15;11612
2025-11-14;6057
2025-11-13;5375
2025-11-12;2558
2025-11-11;2925
2025-11-09;4353
2025-11-08;4828
2025-11-07;4386
2025-11-06;10422
2025-11-05;3228
2025-11-04;2503
2025-11-02;4125
2025-11-01;6559
2025-10-31;5427
2025-10-30;6917
2025-10-29;10693
2025-10-28;4378
2025-10-27;2695
2025-10-26;9975
2025-10-25;8539
2025-10-24;3176
2025-10-23;4801
2025-10-22;9608
2025-10-21;4379
2025-10-20;0
2025-10-19;6715
2025-10-18;11533
2025-10-17;5821
2025-10-16;4746
2025-10-15;3652
2025-10-14;3085
2025-10-13;0
2025-10-12;5290
2025-10-11;9309
2025-10-10;11654
2025-10-09;4935
2025-10-08;1892
2025-10-07;4084
2025-10-06;72
2025-10-05;5327
2025-10-04;3994
2025-10-03;9536
2025-10-02;12067
2025-10-01;1298
2025-09-30;6121
2025-09-29;0
2025-09-28;3636
2025-09-27;8018
2025-09-26;6423
2025-09-25;6894
2025-09-24;16005
2025-09-23;2520
2025-09-22;0
2025-09-21;3641
2025-09-20;31751
2025-09-19;3120
2025-09-18;7537
2025-09-17;3259
2025-09-16;2406
2025-09-15;0
2025-09-14;7182
2025-09-13;25767
2025-09-12;3470
2025-09-11;5695
2025-09-10;6828
2025-09-09;2616
2025-09-07;5099
2025-09-06;10658
2025-09-05;1297
2025-09-04;3538
2025-09-03;2791
2025-09-02;6512
2025-08-31;3125
2025-08-30;9264
2025-08-29;5098
2025-08-28;10983
2025-08-27;5242
2025-08-26;5393
2025-08-25;6572
2025-08-24;7304
2025-08-23;19690
2025-08-22;4168
2025-08-21;10185
2025-08-20;5819
2025-08-19;6425
2025-08-18;5531
2025-08-17;6718
2025-08-16;5012
2025-08-15;6867
2025-08-14;9155
2025-08-13;4991
2025-08-12;12833,5
2025-08-11;8997
2025-08-10;10162
2025-08-09;6302
2025-08-08;6366
2025-08-07;14215
2025-08-06;7772
2025-08-05;5252
2025-08-04;9279
2025-08-03;10816
2025-08-02;5386
2025-08-01;11786
2025-07-31;12077
2025-07-30;15851
2025-07-29;14745
2025-07-28;7654
2025-07-27;12264
2025-07-26;11418
2025-07-25;6611
2025-07-24;8829
2025-07-23;14259
2025-07-22;11761
2025-07-21;10092
2025-07-20;7455
2025-07-19;7680
2025-07-18;10539
2025-07-17;10294
2025-07-16;14674
2025-07-15;8783
2025-07-14;7578
2025-07-13;7801
2025-07-12;11776
2025-07-11;10749
2025-07-10;16327
2025-07-09;6347
2025-07-08;9628
2025-07-07;5388
2025-07-06;16742
2025-07-05;6380
2025-07-04;16505
2025-07-03;14819
2025-07-02;6005
2025-07-01;8674
2025-06-30;2897
2025-06-29;6605
2025-06-28;9106
2025-06-27;5983
2025-06-26;8625
2025-06-25;8031
2025-06-24;13131
2025-06-23;8472
2025-06-22;5875
2025-06-21;17608
2025-06-20;22124
2025-06-19;5741
2025-06-18;10961
2025-06-17;5473
2025-06-16;5627
2025-06-15;7241
2025-06-14;4134
2025-06-13;7185
2025-06-12;13709
2025-06-11;7477
2025-06-10;7919
2025-06-09;7842
2025-06-08;20490
2025-06-07;5851
2025-06-06;23350
2025-06-05;7342
2025-06-04;4598
2025-06-03;6607
2025-06-02;3426
2025-06-01;6754
2025-05-31;11258
2025-05-30;8377
2025-05-29;15737
2025-05-28;4452
2025-05-27;6539
2025-05-26;3750
2025-05-25;6862
2025-05-24;20527
2025-05-23;11258
2025-05-22;7168
2025-05-21;12828
2025-05-20;4085
2025-05-19;4538
2025-05-18;6935
2025-05-17;5895
2025-05-16;6563
2025-05-15;5191
2025-05-14;4313
2025-05-13;4879
2025-05-12;2659
2025-05-11;4894
2025-05-10;11832
2025-05-09;8490
2025-05-08;3333
2025-05-07;4381
2025-05-06;8600
2025-05-05;3168
2025-05-04;5825
2025-05-03;6634
2025-05-02;9522
2025-05-01;15643
2025-04-30;27227
2025-04-29;6548
2025-04-27;4278
2025-04-26;5148
2025-04-25;6363
2025-04-24;6736
2025-04-23;3960
2025-04-22;2518
2025-04-21;4256
2025-04-20;5891
2025-04-19;9155
2025-04-18;9525
2025-04-17;16359
2025-04-16;4971
2025-04-15;8427
2025-04-14;11193
2025-04-13;4117
2025-04-12;10199
2025-04-11;5665
2025-04-10;9608
2025-04-09;12561
2025-04-08;5602
2025-04-07;975
2025-04-06;7693
2025-04-05;6367
2025-04-04;2723
2025-04-03;7995
2025-04-02;4590
2025-04-01;1990
2025-03-30;3583
2025-03-29;6909
2025-03-28;3257
2025-03-27;5608
2025-03-26;4313
2025-03-25;3023
2025-03-23;11290
2025-03-22;6313
2025-03-21;2484
2025-03-20;3480
2025-03-19;1830
2025-03-18;3009
2025-03-16;5357
2025-03-15;6729
2025-03-14;3315
2025-03-13;4119
2025-03-12;2116
2025-03-11;4872
2025-03-09;4548
2025-03-08;7248
2025-03-07;2826
2025-03-06;4178
2025-03-05;2758
2025-03-04;2911
2025-03-02;2411
2025-03-01;5112
2025-02-28;6263
2025-02-27;3643
2025-02-26;2713
2025-02-25;1994
2025-02-23;6919
2025-02-22;3542
2025-02-21;4059
2025-02-20;10189
2025-02-19;2638
2025-02-18;3384
2025-02-17;5098
2025-02-16;5094
2025-02-15;5359
2025-02-14;2934
2025-02-13;2775
2025-02-12;2870
2025-02-11;2514
2025-02-09;6171
2025-02-08;6743
2025-02-07;1514
2025-02-06;5117
2025-02-05;2758
2025-02-04;1891
2025-02-02;7095
2025-02-01;10689
2025-01-31;5181
2025-01-30;3874
2025-01-29;1312
2025-01-28;869
2025-01-27;110
2025-01-26;1298
2025-01-25;3171
2025-01-24;2863
2025-01-23;5299
2025-01-22;3184
2025-01-21;4582
2025-01-19;3077
2025-01-18;6728
2025-01-17;1523
2025-01-16;3276
2025-01-15;2050
2025-01-14;3405
2025-01-12;2283
2025-01-11;7643
2025-01-10;2468
2025-01-09;3350
2025-01-08;3590
2025-01-07;2226
2025-01-06;2068
2025-01-05;4854
2025-01-04;6049
2025-01-03;5248
2025-01-02;9554
2024-12-30;9497
2024-12-29;6453
2024-12-28;6163
2024-12-27;8803
2024-12-26;7534
2024-12-23;18316
2024-12-22;16373
2024-12-21;15079
2024-12-20;14804
2024-12-19;15844
2024-12-18;17539
2024-12-17;15825
2024-12-15;8371
2024-12-14;19458
2024-12-13;16464
2024-12-12;20652
2024-12-11;8451
2024-12-10;10088
2024-12-08;8705
2024-12-07;19272
2024-12-06;13961
2024-12-05;24801
2024-12-04;8748
2024-12-03;6446
2024-12-01;66879
2024-11-30;70177
2024-11-29;36129
2024-11-28;5154
2024-11-27;5269
2024-11-26;4359
2024-11-24;5425
2024-11-23;10927
2024-11-22;7422
2024-11-21;8559
2024-11-20;3041
2024-11-19;942
2024-11-17;10989
2024-11-16;10262
2024-11-15;7405
2024-11-14;4532
2024-11-13;5124
2024-11-12;4510
2024-11-10;8648
2024-11-09;9594
2024-11-08;2707
2024-11-07;4654
2024-11-06;3556
2024-11-05;6077
2024-11-03;6394
2024-11-02;8184
2024-11-01;7355
2024-10-31;7806
2024-10-30;7568
2024-10-29;6837
2024-10-28;4314
2024-10-27;8337
2024-10-26;9847
2024-10-25;5733
2024-10-24;4207
2024-10-23;10441
2024-10-22;3134
2024-10-20;4828
2024-10-19;10473
2024-10-18;7428
2024-10-17;8027
2024-10-16;4832
2024-10-15;5542
2024-10-13;13878
2024-10-12;6853
2024-10-11;4624
2024-10-10;5777
2024-10-09;2576
2024-10-08;1717
2024-10-06;6855
2024-10-05;8425
2024-10-04;4040
2024-10-03;8015
2024-10-02;3805
2024-10-01;3477
2024-09-29;6085
2024-09-28;11620
2024-09-27;3060
2024-09-26;2797
2024-09-25;4462
2024-09-24;3628
2024-09-22;5724
2024-09-21;24514
2024-09-20;2714
2024-09-19;3615
2024-09-18;4302
2024-09-17;3997
2024-09-15;6093
2024-09-14;6663
2024-09-13;4030
2024-09-12;6788
2024-09-11;3109
2024-09-10;3487
2024-09-09;5026
2024-09-08;1733
2024-09-07;5816
2024-09-06;2939
2024-09-05;10724
2024-09-04;2274
2024-09-03;2533
2024-09-02;7288
2024-09-01;4432
2024-08-31;4190
2024-08-30;6164
2024-08-29;7097
2024-08-28;5198
2024-08-27;6674
2024-08-26;4314
2024-08-25;4507
2024-08-24;8168
2024-08-23;5307
2024-08-22;12131
2024-08-21;8689
2024-08-20;3658
2024-08-19;10030
2024-08-18;8692
2024-08-17;8391
2024-08-16;10353
2024-08-15;11451
2024-08-14;2928
2024-08-13;8566
2024-08-12;8616
2024-08-11;6355
2024-08-10;8792
2024-08-09;7988
2024-08-08;9818
2024-08-07;9499
2024-08-06;4872
2024-08-05;0
2024-08-04;11562
2024-08-03;10930
2024-08-02;9646
2024-08-01;13394
2024-07-31;9251
2024-07-30;9138
2024-07-29;11383
2024-07-28;6596
2024-07-27;6647
2024-07-26;9871
2024-07-25;10859
2024-07-24;10529
2024-07-23;14936
2024-07-22;11703
2024-07-21;5259
2024-07-20;6632
2024-07-19;7086
2024-07-18;9164
2024-07-17;11366
2024-07-16;14508
2024-07-15;9235
2024-07-14;12257
2024-07-13;5761
2024-07-12;11490
2024-07-11;11635
2024-07-10;9861
2024-07-09;12281
2024-07-08;11168
2024-07-07;9413
2024-07-06;9579
2024-07-05;9210
2024-07-04;12271
2024-07-03;9084
2024-07-02;9491
2024-07-01;8518
2024-06-30;7421
2024-06-29;13780
2024-06-28;7004
2024-06-27;5000
2024-06-26;6837
2024-06-25;9460
2024-06-24;7332
2024-06-23;6899
2024-06-22;14794
2024-06-21;24922
2024-06-20;6087
2024-06-19;7188
2024-06-18;5697,9
2024-06-17;6390
2024-06-16;8251
2024-06-15;6546
2024-06-14;6817
2024-06-13;6917
2024-06-12;5924
2024-06-11;5846
2024-06-10;2929
2024-06-09;10238
2024-06-08;12508
2024-06-07;9280
2024-06-06;25325
2024-06-05;6984
2024-06-04;8584
2024-06-03;6639
2024-06-02;6679
2024-06-01;16450
2024-05-31;4005
2024-05-30;7306
2024-05-29;8436
2024-05-28;5888
2024-05-27;5400
2024-05-26;5011
2024-05-25;7338
2024-05-24;4959
2024-05-23;7209
2024-05-22;3960
2024-05-21;8145
2024-05-20;7097
2024-05-19;7170
2024-05-18;9270
2024-05-17;5288
2024-05-16;7034
2024-05-15;4911
2024-05-14;5497
2024-05-13;2048
2024-05-12;3582
2024-05-11;8884
2024-05-10;10321
2024-05-09;15299
2024-05-08;3422
2024-05-07;13411
2024-05-06;3333
2024-05-05;5173
2024-05-04;5661
2024-05-03;6029
2024-05-02;5315
2024-05-01;7534
2024-04-30;5250
2024-04-28;7003
2024-04-27;7169
2024-04-26;5769
2024-04-25;4952
2024-04-24;3963
2024-04-23;10065
2024-04-21;4543
2024-04-20;7085
2024-04-19;7572
2024-04-18;4733
2024-04-17;5890
2024-04-16;6140
2024-04-14;11057
2024-04-13;10912
2024-04-12;4498
2024-04-11;4511
2024-04-10;7902
2024-04-09;2548
2024-04-07;7380
2024-04-06;7923
2024-04-05;5238
2024-04-04;5837
2024-04-03;4519
2024-04-02;4958
2024-04-01;8638
2024-03-31;4347
2024-03-30;6014
2024-03-29;8809
2024-03-28;10654
2024-03-27;9475
2024-03-26;8248
2024-03-25;4623
2024-03-24;5821
2024-03-23;10041
2024-03-22;7603
2024-03-21;5616
2024-03-20;3249
2024-03-19;3880
2024-03-17;5858
2024-03-16;9331
2024-03-15;7173
2024-03-14;3975
2024-03-13;2561
2024-03-12;1983
2024-03-10;7190
2024-03-09;8993
2024-03-08;3184
2024-03-07;7768
2024-03-06;2926
2024-03-05;6714
2024-03-03;5523
2024-03-02;6256
2024-03-01;3043
2024-02-29;6350
2024-02-28;1397
2024-02-27;2783
2024-02-25;5072
2024-02-24;6032
2024-02-23;10720
2024-02-22;9284
2024-02-21;6080
2024-02-20;6534
2024-02-19;2918
2024-02-18;6111
2024-02-17;9199
2024-02-16;4446
2024-02-15;2868
2024-02-14;2550
2024-02-13;3264
2024-02-12;0
2024-02-11;5566
2024-02-10;4683
2024-02-09;2477
2024-02-08;7131
2024-02-07;2822
2024-02-06;868
2024-02-04;4192
2024-02-03;3698
2024-02-02;1879
2024-02-01;1010
2024-01-31;2464
2024-01-30;1516
2024-01-28;26482
2024-01-27;8329
2024-01-26;7330
2024-01-25;7136
2024-01-24;3498
2024-01-23;2976
2024-01-21;6081
2024-01-20;7991
2024-01-19;8553
2024-01-18;3320
2024-01-17;425
2024-01-16;2770
2024-01-14;4873
2024-01-13;7436
2024-01-12;7281
2024-01-11;3217
2024-01-10;3157
2024-01-09;2681
2024-01-07;1344
2024-01-06;3805
2024-01-05;5554
2024-01-04;4847
2024-01-03;4466
2024-01-02;6578
2023-12-30;8130
2023-12-29;6974
2023-12-28;7286
2023-12-27;13049
2023-12-26;7738
2023-12-23;14806
2023-12-22;19735
2023-12-21;21870
2023-12-20;12148
2023-12-19;12153
2023-12-17;11717
2023-12-16;19298
2023-12-15;13774
2023-12-14;23172
2023-12-13;19860
2023-12-12;15015
2023-12-11;4220
2023-12-10;15664
2023-12-09;17885
2023-12-08;14359
2023-12-07;40655
2023-12-06;3658
2023-12-05;8220
2023-12-04;630
2023-12-03;37093
2023-12-02;39232
2023-12-01;15940
2023-11-30;7798
2023-11-29;3682
2023-11-28;4254
2023-11-27;228
2023-11-26;5509
2023-11-25;12106
2023-11-24;3822
2023-11-23;2274
2023-11-22;9243
2023-11-21;4303
2023-11-19;3725
2023-11-18;9768
2023-11-17;4485
2023-11-16;4438
2023-11-15;4791
2023-11-14;4193
2023-11-12;5566
2023-11-11;6850
2023-11-10;8066
2023-11-09;3829
2023-11-08;4524
2023-11-07;3247
2023-11-05;5732
2023-11-04;9676
2023-11-03;6928
2023-11-02;7880
2023-11-01;6287
2023-10-31;5735
2023-10-30;7803
2023-10-29;6803
2023-10-28;7803
2023-10-27;5842
2023-10-26;5655
2023-10-25;1962
2023-10-24;5314
2023-10-22;4615
2023-10-21;5533
2023-10-20;6008
2023-10-19;5044
2023-10-18;9148
2023-10-17;5482
2023-10-16;0
2023-10-15;5459
2023-10-14;11069
2023-10-13;7691
2023-10-12;7691
2023-10-11;3840
2023-10-10;1511
2023-10-08;7722
2023-10-07;5346
2023-10-06;4250
2023-10-05;7967
2023-10-04;2933
2023-10-03;5166
2023-10-01;11954
2023-09-30;16163
2023-09-29;2936
2023-09-28;4554
2023-09-27;3168
2023-09-26;6529
2023-09-25;2999
2023-09-24;6582
2023-09-23;5216
2023-09-22;2566
2023-09-21;6098
2023-09-20;1845
2023-09-19;4929
2023-09-17;3857
2023-09-16;21205
2023-09-15;2773
2023-09-14;4664
2023-09-13;6834
2023-09-12;2496
2023-09-11;4382
2023-09-10;3250
2023-09-09;4226
2023-09-08;6183
2023-09-07;7877
2023-09-06;2085
2023-09-05;4267
2023-09-04;3266
2023-09-03;9189
2023-09-02;8487
2023-09-01;5737
2023-08-31;10253,5
2023-08-30;6295
2023-08-29;3544
2023-08-28;10195
2023-08-27;8881
2023-08-26;8688
2023-08-25;8782
2023-08-24;8786
2023-08-23;7363
2023-08-22;7363
2023-08-21;4514
2023-08-20;8600
2023-08-19;8741
2023-08-18;6317
2023-08-17;9723
2023-08-16;10195
2023-08-15;8597
2023-08-14;9723
2023-08-13;10995
2023-08-12;7610
2023-08-11;7529
2023-08-10;12151
2023-08-09;9398
2023-08-08;11194
2023-08-07;6364
2023-08-06;8971
2023-08-05;7738
2023-08-04;11110
2023-08-03;18859
2023-08-02;12341
2023-08-01;9945
2023-07-31;10826
2023-07-30;10605
2023-07-29;10388
2023-07-28;12350
2023-07-27;18207,5
2023-07-26;13099
2023-07-25;13076
2023-07-24;10856
2023-07-23;8736
2023-07-22;12322
2023-07-21;11791
2023-07-20;16622
2023-07-19;11893
2023-07-18;20609
2023-07-17;12268
2023-07-16;8714
2023-07-15;8286
2023-07-14;8323
2023-07-13;17086
2023-07-12;14757
2023-07-11;14707
2023-07-10;10852
2023-07-09;6169
2023-07-08;6745
2023-07-07;9775
2023-07-06;16275
2023-07-05;9099
2023-07-04;9475
2023-07-03;12054
2023-07-02;14287
2023-07-01;11677
2023-06-30;14788,2
2023-06-29;7547
2023-06-28;8571
2023-06-27;11309
2023-06-26;54391
2023-06-25;8798
2023-06-24;15190
2023-06-23;18893,5
2023-06-22;5699
2023-06-21;6056
2023-06-20;5020
2023-06-19;8582
2023-06-18;5601
2023-06-17;5061
2023-06-16;5602
2023-06-15;5082
2023-06-14;3541
2023-06-13;3214
2023-06-12;5156
2023-06-11;5747
2023-06-10;3261
2023-06-09;4417
2023-06-08;5781
2023-06-07;4629
2023-06-06;21066
2023-06-05;6328
2023-06-04;7066
2023-06-03;13844
2023-06-02;12029
2023-06-01;6527
2023-05-31;7517
2023-05-30;3297
2023-05-29;8616
2023-05-28;6904
2023-05-27;6570
2023-05-26;4041
2023-05-25;9775
2023-05-24;6036
2023-05-23;2884
2023-05-22;2395
2023-05-21;8509
2023-05-20;9335
2023-05-19;9091
2023-05-18;6967
2023-05-17;3240
2023-05-16;3407
2023-05-15;1746
2023-05-14;8160
2023-05-13;8381
2023-05-12;8120
2023-05-11;3755
2023-05-10;6555
2023-05-09;4003
2023-05-08;3546
2023-05-07;7173
2023-05-06;11207
2023-05-05;6882
2023-05-04;13254
2023-05-03;6107
2023-05-02;4849
2023-05-01;7011
2023-04-30;3256
2023-04-29;2512
2023-04-28;5545
2023-04-27;7993
2023-04-26;9676
2023-04-25;2558
2023-04-24;0
2023-04-23;7015
2023-04-22;9524
2023-04-21;9510
2023-04-20;12467
2023-04-19;3487
2023-04-18;6524
2023-04-17;0
2023-04-16;11126
2023-04-15;9831
2023-04-14;9387
2023-04-13;6542
2023-04-12;4251
2023-04-11;629
2023-04-10;8100
2023-04-09;9308
2023-04-08;11688
2023-04-07;9396
2023-04-06;16165,5
2023-04-05;9077
2023-04-04;8506
2023-04-03;6088
2023-04-02;6025
2023-04-01;26129
2023-03-31;12994
2023-03-30;2348
2023-03-29;4036
2023-03-28;2140
2023-03-27;0
2023-03-26;5335
2023-03-25;5832
2023-03-24;1837
2023-03-23;2796
2023-03-22;1615
2023-03-21;3464
2023-03-20;0
2023-03-19;4382
2023-03-18;4899
2023-03-17;4322
2023-03-16;3371
2023-03-15;4274
2023-03-14;2496
2023-03-13;0
2023-03-12;3464
2023-03-11;5100
2023-03-10;4222
2023-03-09;2017
2023-03-08;1543
2023-03-07;1803
2023-03-06;0
2023-03-05;4050
2023-03-04;9982
2023-03-03;4521
2023-03-02;2473
2023-03-01;1839
2023-02-28;2774,1
2023-02-27;0
2023-02-26;6302
2023-02-25;8343
2023-02-24;5854
2023-02-23;7681,1
2023-02-22;6998
2023-02-21;1980
2023-02-20;3570
2023-02-19;7512
2023-02-18;12744
2023-02-17;3307
2023-02-16;2778
2023-02-15;1591
2023-02-14;4007
2023-02-13;1177
2023-02-12;2149
2023-02-11;3555
2023-02-10;6055
2023-02-09;7433
2023-02-08;3399
2023-02-07;1720
2023-02-06;0
2023-02-05;6378
2023-02-04;7467
2023-02-03;3012
2023-02-02;1510
2023-02-01;5155
2023-01-31;1320
2023-01-30;0
2023-01-29;3588
2023-01-28;4742
2023-01-27;7324
2023-01-26;2151
2023-01-25;1161
2023-01-24;1272
2023-01-23;0
2023-01-22;3548
2023-01-21;4288
2023-01-20;1283
2023-01-19;1235
2023-01-18;797
2023-01-17;1234
2023-01-16;0
2023-01-15;6411
2023-01-14;3977
2023-01-13;2993
2023-01-12;2926
2023-01-11;2037
2023-01-10;5057
2023-01-09;0
2023-01-08;3204
2023-01-07;6940
2023-01-06;5853,3
2023-01-05;10722,6
2023-01-04;5065
2023-01-03;8183
2023-01-02;4911
2023-01-01;0
2022-12-31;0
2022-12-30;7638
2022-12-29;8430
2022-12-28;6653
2022-12-27;8072
2022-12-26;11266
2022-12-25;0
2022-12-24;0
2022-12-23;15370
2022-12-22;30267
2022-12-21;19788
2022-12-20;20652
2022-12-19;0
2022-12-18;15355
2022-12-17;25780
2022-12-16;12037
2022-12-15;19321
2022-12-14;10840
2022-12-13;16146
2022-12-12;6900
2022-12-11;21461
2022-12-10;25741
2022-12-09;16625
2022-12-08;11859
2022-12-07;10277
2022-12-06;16208
2022-12-05;0
2022-12-04;20438
2022-12-03;23283
2022-12-02;16257
2022-12-01;30932
2022-11-30;10863
2022-11-29;5678
2022-11-28;0
2022-11-27;23785,5
2022-11-26;29093
2022-11-25;13053,4
2022-11-24;3904
2022-11-23;5207
2022-11-22;3523
2022-11-21;0
2022-11-20;6958
2022-11-19;8114
2022-11-18;2096
2022-11-17;5839
2022-11-16;5590
2022-11-15;1008
2022-11-14;1495
2022-11-13;8052
2022-11-12;9967
2022-11-11;6197,8
2022-11-10;10041
2022-11-09;5174
2022-11-08;2463
2022-11-07;0
2022-11-06;3132
2022-11-05;8822
2022-11-04;6051
2022-11-03;8684
2022-11-02;7116
2022-11-01;6081
2022-10-31;4844
2022-10-30;5016
2022-10-29;6391
2022-10-28;3448
2022-10-27;3850
2022-10-26;3379
2022-10-25;2675
2022-10-24;0
2022-10-23;5082
2022-10-22;9792
2022-10-21;2735,5
2022-10-20;7435
2022-10-19;2811
2022-10-18;4654
2022-10-17;0
2022-10-16;5981
2022-10-15;17595
2022-10-14;2582
2022-10-13;4029
2022-10-12;1884
2022-10-11;2866
2022-10-10;0
2022-10-09;5834
2022-10-08;6445
2022-10-07;4266
2022-10-06;8008
2022-10-05;2425
2022-10-04;3107
2022-10-03;0
2022-10-02;4369
2022-10-01;8487
2022-09-30;3380
2022-09-29;4611
2022-09-28;5652
2022-09-27;5271
2022-09-26;2504
2022-09-25;3323,5
2022-09-24;9362
2022-09-23;2983
2022-09-22;3940
2022-09-21;5149
2022-09-20;2640
2022-09-19;0
2022-09-18;3572
2022-09-17;29112
2022-09-16;5400
2022-09-15;6028
2022-09-14;5776
2022-09-13;2221
2022-09-12;8688
2022-09-11;6750
2022-09-10;55548
2022-09-09;5432
2022-09-08;4508
2022-09-07;5621
2022-09-06;2479
2022-09-05;1719
2022-09-04;6285
2022-09-03;6114
2022-09-02;5222
2022-09-01;3261
2022-08-31;6529
2022-08-30;2452
2022-08-29;5474
2022-08-28;5267
2022-08-27;6487
2022-08-26;4500
2022-08-25;5034
2022-08-24;6533
2022-08-23;5175
2022-08-22;4412
2022-08-21;9212
2022-08-20;6600,8
2022-08-19;6080
2022-08-18;9796
2022-08-17;2678
2022-08-16;4578
2022-08-15;4833
2022-08-14;8952,5
2022-08-13;10183
2022-08-12;5503
2022-08-11;8131
2022-08-10;11038
2022-08-09;10186,5
2022-08-08;8148
2022-08-07;8754
2022-08-06;6553
2022-08-05;8043
2022-08-04;7761
2022-08-03;8122
2022-08-02;6887
2022-08-01;7889
2022-07-31;12945
2022-07-30;9228
2022-07-29;8656
2022-07-28;9117
2022-07-27;11734
2022-07-26;11798
2022-07-25;9349
2022-07-24;7223
2022-07-23;7545
2022-07-22;9551
2022-07-21;5461
2022-07-20;4852
2022-07-19;8616
2022-07-18;10150,1
2022-07-17;10262
2022-07-16;8129,5
2022-07-15;11425
2022-07-14;8430
2022-07-13;10004,6
2022-07-12;11717
2022-07-11;7675
2022-07-10;8383,5
2022-07-09;8680
2022-07-08;10220
2022-07-07;11684
2022-07-06;9067
2022-07-05;9810
2022-07-04;7212
2022-07-03;6374
2022-07-02;8310
2022-07-01;5648
2022-06-30;9186
2022-06-29;9411,5
2022-06-28;5275
2022-06-27;7227
2022-06-26;4059
2022-06-25;5768
2022-06-24;18951
2022-06-23;7631
2022-06-22;8515
2022-06-21;4786
2022-06-20;7580
2022-06-19;9256
2022-06-18;10261
2022-06-17;2906
2022-06-16;5741
2022-06-15;8397,5
2022-06-14;4966
2022-06-13;8970
2022-06-12;3504
2022-06-11;7790
2022-06-10;8975
2022-06-09;5426
2022-06-08;7637
2022-06-07;6557
2022-06-06;25381
2022-06-05;7553
2022-06-04;6598
2022-06-03;8495
2022-06-02;5113
2022-06-01;7976
2022-05-31;4939
2022-05-30;6965
2022-05-29;5709
2022-05-28;11791
2022-05-27;8676
2022-05-26;6307
2022-05-25;7769
2022-05-24;3576
2022-05-23;4290
2022-05-22;8851
2022-05-21;6606
2022-05-20;2681
2022-05-19;6150
2022-05-18;5490
2022-05-17;4740
2022-05-16;4509
2022-05-15;5812
2022-05-14;9443
2022-05-13;7180
2022-05-12;8121
2022-05-11;4237
2022-05-10;3996
2022-05-09;3284
2022-05-08;6291
2022-05-07;5338
2022-05-06;6039
2022-05-05;16638
2022-05-04;5099
2022-05-03;2934
2022-05-02;2723
2022-05-01;4439
2022-04-30;5239
2022-04-29;4944
2022-04-28;9201
2022-04-27;3499
2022-04-26;6695
2022-04-25;0
2022-04-24;4618
2022-04-23;6759,5
2022-04-22;2521
2022-04-21;2466
2022-04-20;6128
2022-04-19;1362
2022-04-18;4318
2022-04-17;5655
2022-04-16;7962
2022-04-15;7857
2022-04-14;14135
2022-04-13;13136
2022-04-12;9818
2022-04-11;6824
2022-04-10;9434
2022-04-09;13567
2022-04-08;6864
2022-04-07;7563
2022-04-06;3044
2022-04-05;5969
2022-04-04;0
2022-04-03;6746
2022-04-02;7793
2022-04-01;895
2022-03-31;7473
2022-03-30;6344
2022-03-29;3468
2022-03-28;0
2022-03-27;4645
2022-03-26;8336
2022-03-25;4152
2022-03-24;3540
2022-03-23;5864
2022-03-22;3110
2022-03-21;0
2022-03-20;4711
2022-03-19;10079
2022-03-18;4447
2022-03-17;2347
2022-03-16;3456
2022-03-15;2898
2022-03-14;445
2022-03-13;6136
2022-03-12;6731
2022-03-11;3683
2022-03-10;2128
2022-03-09;3253
2022-03-08;3540
2022-03-07;1603
2022-03-06;8819
2022-03-05;4586
2022-03-04;2407
2022-03-03;734
2022-03-02;3693
2022-03-01;1185
2022-02-28;1335
2022-02-27;3499
2022-02-26;10283,5
2022-02-25;9575
2022-02-24;5032,5
2022-02-23;8242
2022-02-22;5110
2022-02-21;3791
2022-02-20;5531
2022-02-19;8196,7
2022-02-18;3798
2022-02-17;2962
2022-02-16;2683
2022-02-15;2192
2022-02-14;0
2022-02-13;3457
2022-02-12;4507
2022-02-11;2878
2022-02-10;3957
2022-02-09;3245
2022-02-08;2328
2022-02-07;0
2022-02-06;2573,5
2022-02-05;4306
2022-02-04;1490
2022-02-03;302
2022-02-02;1383
2022-02-01;3022
2022-01-31;0
2022-01-30;1936
2022-01-29;1801
2022-01-28;1382
2022-01-27;2112
2022-01-26;1139
2022-01-25;1048
2022-01-24;0
2022-01-23;1915
2022-01-22;2311
2022-01-21;1624,5
2022-01-20;703
2022-01-19;2299
2022-01-18;1446
2022-01-17;0
2022-01-16;1023
2022-01-15;3799
2022-01-14;3783
2022-01-13;2116
2022-01-12;1390
2022-01-11;295
2022-01-10;0
2022-01-09;2353
2022-01-08;3394
2022-01-07;4699
2022-01-06;4279
2022-01-05;3432
2022-01-04;3687
2022-01-03;3379
2022-01-02;0
2022-01-01;0
2021-12-31;0
2021-12-30;4785
2021-12-29;9211
2021-12-28;6605
2021-12-27;3345
2021-12-26;4285
2021-12-25;0
2021-12-24;0
2021-12-23;14238
2021-12-22;25794
2021-12-21;20615
2021-12-20;7108
2021-12-19;17297
2021-12-18;22718
2021-12-17;14178
2021-12-16;23414
2021-12-15;16470
2021-12-14;15941
2021-12-13;13878
2021-12-12;21359
2021-12-11;23017
2021-12-10;9821
2021-12-09;11494
2021-12-08;13670
2021-12-07;10610
2021-12-06;4916
2021-12-05;29403
2021-12-04;14341
2021-12-03;19992
2021-12-02;8646
2021-12-01;3798
2021-11-30;5595
2021-11-29;1100
2021-11-28;23940
2021-11-27;19565
2021-11-26;11104
2021-11-25;5401
2021-11-24;8728
2021-11-23;3248
2021-11-22;0
2021-11-21;6769
2021-11-20;8931
2021-11-19;6986
2021-11-18;3820
2021-11-17;3172
2021-11-16;3798
2021-11-15;285
2021-11-14;6793
2021-11-13;7933
2021-11-12;5215
2021-11-11;4656
2021-11-10;7930
2021-11-09;3761
2021-11-08;0
2021-11-07;8423
2021-11-06;10289
2021-11-05;9486
2021-11-04;6080
2021-11-03;9087
2021-11-02;9155
2021-11-01;4324
2021-10-31;4330
2021-10-30;9338
2021-10-29;5187
2021-10-28;5169
2021-10-27;3425
2021-10-26;2746
2021-10-25;0
2021-10-24;5053
2021-10-23;6379
2021-10-22;4236
2021-10-21;2754
2021-10-20;4098
2021-10-19;4580
2021-10-18;0
2021-10-17;9767
2021-10-16;11629
2021-10-15;4247
2021-10-14;3761
2021-10-13;2871
2021-10-12;1182
2021-10-11;0
2021-10-10;4536
2021-10-09;5702
2021-10-08;3747,5
2021-10-07;7543
2021-10-06;12253
2021-10-05;2645
2021-10-04;0
2021-10-03;3684
2021-10-02;12524
2021-10-01;3518
2021-09-30;1935
2021-09-29;5178
2021-09-28;2816
2021-09-27;0
2021-09-26;5916,5
2021-09-25;10836
2021-09-24;3943
2021-09-23;3143
2021-09-22;2161
2021-09-21;1255
2021-09-20;0
2021-09-19;4005
2021-09-18;6452
2021-09-17;6309,5
2021-09-16;1198
2021-09-15;3047
2021-09-14;2824
2021-09-13;1459
2021-09-12;2384
2021-09-11;9780
2021-09-10;3096
2021-09-09;2546
2021-09-08;2843
2021-09-07;4198
2021-09-06;2273
2021-09-05;3157
2021-09-04;6950
2021-09-03;3555
2021-09-02;2221
2021-09-01;4260
2021-08-31;4621
2021-08-30;3145
2021-08-29;4715
2021-08-28;9783
2021-08-27;3342
2021-08-26;4720
2021-08-25;6340
2021-08-24;3241
2021-08-23;2278
2021-08-22;5986
2021-08-21;5547
2021-08-20;7104
2021-08-19;6225
2021-08-18;9460
2021-08-17;4648
2021-08-16;4247
2021-08-15;4678
2021-08-14;8630
2021-08-13;4127
2021-08-12;7509
2021-08-11;9897
2021-08-10;6788
2021-08-09;7820
2021-08-08;7188
2021-08-07;13713
2021-08-06;8544
2021-08-05;8624
2021-08-04;9276
2021-08-03;13018
2021-08-02;3973
2021-08-01;8435
2021-07-31;12199
2021-07-30;10474
2021-07-29;14331
2021-07-28;9823
2021-07-27;10768
2021-07-26;9829
2021-07-25;8963
2021-07-24;12577
2021-07-23;6749
2021-07-22;7349
2021-07-21;9753
2021-07-20;9460
2021-07-19;7604
2021-07-18;5897
2021-07-17;6644
2021-07-16;6643
2021-07-15;2453
2021-07-14;8631
2021-07-13;4550
2021-07-12;3744
2021-07-11;5663
2021-07-10;6363
2021-07-09;6163
2021-07-08;4533
2021-07-07;4380
2021-07-06;4388
2021-07-05;3042
2021-07-04;4891
2021-07-03;10114
2021-07-02;2741
2021-07-01;4818
2021-06-30;7098
2021-06-29;6666
2021-06-28;5104
2021-06-27;3696
2021-06-26;2301
2021-06-25;8394
2021-06-24;5262
2021-06-23;5281
2021-06-22;4194
2021-06-21;8867
2021-06-20;3459
2021-06-19;2353
2021-06-18;2165
2021-06-17;4200
2021-06-16;7624
2021-06-15;5274
2021-06-14;2338
2021-06-13;4932
2021-06-12;3434
2021-06-11;2427
2021-06-10;8015
2021-06-09;4240
2021-06-08;3189
2021-06-07;982
2021-06-06;4744
2021-06-05;5824
2021-06-04;4430
2021-06-03;2793
2021-06-02;3296
2021-06-01;2357
2021-05-31;2857
2021-05-30;4517
2021-05-29;5815
2021-05-28;2873
2021-05-27;1824
2021-05-26;1961
2021-05-25;1730
2021-05-24;1292
2021-05-23;2359
2021-05-22;5507
2021-05-21;4166
2021-05-20;1497
2021-05-19;2205
2021-05-18;1263
2021-05-17;1282
2021-05-16;1569
2021-05-15;4542
2021-05-14;3981
2021-05-13;3642
2021-05-12;2388
2021-05-11;689
2021-05-10;581
2021-05-09;4714
2021-05-08;3211
2021-05-07;1616
2021-05-06;3356
2021-05-05;2311
2021-05-04;1126
2021-05-03;594
2021-05-02;6165
2021-05-01;3680
2021-04-30;1318
2021-04-29;498
2021-04-28;2346
2021-04-27;2414
2021-04-26;0
2021-04-25;3454
2021-04-24;3996,3
2021-04-23;3308
2021-04-22;1780
2021-04-21;1011
2021-04-20;1726
2021-04-19;0
2021-04-18;1162
2021-04-17;2181
2021-04-16;1482
2021-04-15;1663
2021-04-14;1920
2021-04-13;2010
2021-04-12;1635
2021-04-11;5038
2021-04-10;8408
2021-04-09;915
2021-04-08;1769
2021-04-07;1364
2021-04-06;650
2021-04-05;2973
2021-04-04;2304
2021-04-03;3572
2021-04-02;2620
2021-04-01;3544
2021-03-31;2918
2021-03-30;2489
2021-03-29;4437
2021-03-28;5847
2021-03-27;2183
2021-03-26;3759
2021-03-25;2572
2021-03-24;2794
2021-03-23;3467
2021-03-22;0
2021-03-21;2794
2021-03-20;5843
2021-03-19;1543
2021-03-18;21607
2021-03-17;554
2021-03-16;495
2021-03-15;0
2021-03-14;1991
2021-03-13;4918
2021-03-12;744
2021-03-11;20
2021-03-10;4661
2021-03-09;1999
2021-03-08;0
2021-03-07;1596
2021-03-06;2727
2021-03-05;1501
2021-03-04;1732
2021-03-03;1567
2021-03-02;432
2021-03-01;0
2021-02-28;1915
2021-02-27;3601
2021-02-26;2871
2021-02-25;2950
2021-02-24;2553
2021-02-23;3445
2021-02-22;1853
2021-02-21;2260
2021-02-20;4993
2021-02-19;3258
2021-02-18;612
2021-02-17;846
2021-02-16;2567
2021-02-15;0
2021-02-14;3237
2021-02-13;6841
2021-02-12;1423
2021-02-11;1481
2021-02-10;895
2021-02-09;346
2021-02-08;0
2021-02-07;1472
2021-02-06;4379
2021-02-05;936
2021-02-04;310
2021-02-03;130
2021-02-02;1143
2021-02-01;100
2021-01-31;1893
2021-01-30;2675,5
2021-01-29;1030
2021-01-28;492
2021-01-27;1880
2021-01-26;1903
2021-01-25;0
2021-01-24;463
2021-01-23;2005
2021-01-22;1634
2021-01-21;2050
2021-01-20;281
2021-01-19;90
2021-01-18;0
2021-01-17;615
2021-01-16;2727
2021-01-15;846
2021-01-14;1140
2021-01-13;479
2021-01-12;646
2021-01-11;0
2021-01-10;735
2021-01-09;2553
2021-01-08;610
2021-01-07;2050
2021-01-06;851
2021-01-05;1185
2021-01-04;943
2021-01-03;0
2021-01-02;0
2021-01-01;0
2020-12-31;0
2020-12-30;0
2020-12-29;0
2020-12-28;0
2020-12-27;2346
2020-12-26;1675
2020-12-25;0
2020-12-24;0
2020-12-23;9616
2020-12-22;6675
2020-12-21;924
2020-12-20;18821
2020-12-19;18940
2020-12-18;17627
2020-12-17;12818
2020-12-16;14494
2020-12-15;17733
2020-12-14;806
2020-12-13;11345
2020-12-12;18470
2020-12-11;13036
2020-12-10;11732
2020-12-09;16788,1
2020-12-08;10601
2020-12-07;3137
2020-12-06;13662
2020-12-05;14596
2020-12-04;11706
2020-12-03;9598
2020-12-02;14823
2020-12-01;11194
2020-11-30;363
2020-11-29;17073
2020-11-28;12285
2020-11-27;11433
2020-11-26;10759,6
2020-11-25;9660
2020-11-24;5181
2020-11-23;1619
2020-11-22;5238
2020-11-21;2424
2020-11-20;4436
2020-11-19;3013
2020-11-18;3183
2020-11-17;2710
2020-11-16;415
2020-11-15;7453
2020-11-14;7086
2020-11-13;2287
2020-11-12;4693
2020-11-11;3237
2020-11-10;1733
2020-11-09;0
2020-11-08;2377
2020-11-07;6434
2020-11-06;1872
2020-11-05;3018
2020-11-04;2711
2020-11-03;1565
2020-11-02;0
2020-11-01;3238
2020-10-31;9712
2020-10-30;3475
2020-10-29;4004
2020-10-28;6142,4
2020-10-27;4337
2020-10-26;3952
2020-10-25;6493
2020-10-24;6413
2020-10-23;795
2020-10-22;2836,9
2020-10-21;4792
2020-10-20;3604
2020-10-19;80
2020-10-18;5671
2020-10-17;6036
2020-10-16;1596
2020-10-15;2715
2020-10-14;4211
2020-10-13;5103
2020-10-12;330
2020-10-11;4964
2020-10-10;8747
2020-10-09;5533
2020-10-08;2744
2020-10-07;2200
2020-10-06;1378
2020-10-05;0
2020-10-04;2510
2020-10-03;5398
2020-10-02;6230
2020-10-01;4624
2020-09-30;2740
2020-09-29;4825
2020-09-28;203
2020-09-27;2194
2020-09-26;7418
2020-09-25;1872,1
2020-09-24;2535
2020-09-23;2220
2020-09-22;1891
2020-09-21;260
2020-09-20;2631
2020-09-19;5110
2020-09-18;5212
2020-09-17;1252
2020-09-16;2561,6
2020-09-15;401
2020-09-14;265
2020-09-13;2909
2020-09-12;3566
2020-09-11;2913
2020-09-10;2450
2020-09-09;1668
2020-09-08;981
2020-09-07;582
2020-09-06;2158
2020-09-05;1602
2020-09-04;331
2020-09-03;3756
2020-09-02;2669
2020-09-01;2215
2020-08-31;2978
2020-08-30;1174
2020-08-29;4260
2020-08-28;2310
2020-08-27;4559
2020-08-26;5821
2020-08-25;4398
2020-08-24;2706,5
2020-08-23;5620
2020-08-22;3157
2020-08-21;5115
2020-08-20;1434
2020-08-19;4798
2020-08-18;1398
2020-08-17;443,5
2020-08-16;1744
2020-08-15;1819,5
2020-08-14;1281
2020-08-13;1909
2020-08-12;4392
2020-08-11;3438
2020-08-10;2446
2020-08-09;1882
2020-08-08;3303
2020-08-07;1982
2020-08-06;5195
2020-08-05;5524
2020-08-04;4819
2020-08-03;3141
2020-08-02;4754
2020-08-01;2347
2020-07-31;3996
2020-07-30;5319
2020-07-29;6226
2020-07-28;6980
2020-07-27;4368
2020-07-26;5693
2020-07-25;6041
2020-07-24;9875
2020-07-23;5036
2020-07-22;4793
2020-07-21;4175
2020-07-20;1831
2020-07-19;501
2020-07-18;5415
2020-07-17;2853
2020-07-16;7128
2020-07-15;3246
2020-07-14;3518
2020-07-13;6323
2020-07-12;2812
2020-07-11;3761
2020-07-10;4503
2020-07-09;6005
2020-07-08;4520
2020-07-07;4710
2020-07-06;1655
2020-07-05;3488
2020-07-04;2356
2020-07-03;3728
2020-07-02;3909
2020-07-01;3990
2020-06-30;5752
2020-06-29;2903
2020-06-28;1153
2020-06-27;1665
2020-06-26;1112
2020-06-25;2748
2020-06-24;1655,6
2020-06-23;1772,4
2020-06-22;2330
2020-06-21;1727
2020-06-20;2389
2020-06-19;2180
2020-06-18;2131
2020-06-17;2232
2020-06-16;2391
2020-06-15;1130
2020-06-14;2748
2020-06-13;3690
2020-06-12;1653
2020-06-11;4971,5
2020-06-10;1946
2020-06-09;1187
2020-06-08;1420
2020-06-07;2416
2020-06-06;1950
2020-06-05;1610
2020-06-04;2263
2020-06-03;1136
2020-06-02;530
2020-06-01;755
2020-05-31;2102
2020-05-30;2944
2020-05-29;942
2020-05-28;1093
2020-05-27;1827
2020-05-26;447
2020-05-25;790
2020-05-24;1063
2020-05-23;1272
2020-05-22;1850
2020-05-21;1126
2020-05-20;1345
2020-05-19;1701
2020-05-18;395
2020-05-17;3825
2020-05-16;2180
2020-05-15;315
2020-05-14;2217
2020-05-13;367
2020-05-12;485
2020-05-11;828
2020-05-10;518
2020-05-09;1557
2020-05-08;690
2020-05-07;1019
2020-05-06;1029
2020-05-05;2262
2020-05-04;969
2020-05-03;620
2020-05-02;981
2020-05-01;1185
2020-04-30;364
2020-04-29;1160
2020-04-28;85
2020-04-27;565
2020-04-26;920
2020-04-25;1066
2020-04-24;1793
2020-04-23;564
2020-04-22;1840
2020-04-21;78
2020-04-20;0
2020-04-19;57
2020-04-18;1692
2020-04-17;267
2020-04-16;2826
2020-04-15;536
2020-04-14;98
2020-04-13;243
2020-04-12;1198
2020-04-11;825
2020-04-10;877
2020-04-09;1859
2020-04-08;887
2020-04-07;1800
2020-04-06;547
2020-04-05;997
2020-04-04;1701
2020-04-03;2093
2020-04-02;4
2020-04-01;389
2020-03-31;514
2020-03-30;200
2020-03-29;324
2020-03-28;331
2020-03-27;0
2020-03-26;246
2020-03-25;1497
2020-03-24;906
2020-03-23;0
2020-03-22;618
2020-03-21;546
2020-03-20;293
2020-03-19;207
2020-03-18;1969
2020-03-17;0
2020-03-16;196
2020-03-15;476
2020-03-14;1858
2020-03-13;511
2020-03-12;1000
2020-03-11;1995
2020-03-10;3903
2020-03-09;425
2020-03-08;5940
2020-03-07;4457
2020-03-06;718
2020-03-05;454
2020-03-04;2694
2020-03-03;2037
2020-03-02;1569
2020-03-01;2830
2020-02-29;2043
2020-02-28;3504
2020-02-27;2197
2020-02-26;2681
2020-02-25;1413
2020-02-24;165
2020-02-23;6014
2020-02-22;6988
2020-02-21;6757
2020-02-20;9855
2020-02-19;8586,5
2020-02-18;7759
2020-02-17;2932
2020-02-16;5521
2020-02-15;7154,5
2020-02-14;2844
2020-02-13;3840
2020-02-12;6190
2020-02-11;1726
2020-02-10;151
2020-02-09;1866
2020-02-08;3116
2020-02-07;2956
2020-02-06;2384
2020-02-05;1351
2020-02-04;2842
2020-02-03;180
2020-02-02;4867
2020-02-01;6518
2020-01-31;1877
2020-01-30;1434
2020-01-29;2949
2020-01-28;2218
2020-01-27;2103
2020-01-26;4387
2020-01-25;4218
2020-01-24;5492
2020-01-23;734
2020-01-22;1419
2020-01-21;1959
2020-01-20;295
2020-01-19;2158
2020-01-18;1210
2020-01-17;2178
2020-01-16;2426
2020-01-15;1603,5
2020-01-14;1495
2020-01-13;455
2020-01-12;2939
2020-01-11;4839
2020-01-10;745
2020-01-09;1701
2020-01-08;1212
2020-01-07;0
2020-01-06;2167
2020-01-05;1766
2020-01-04;1966
2020-01-03;3089
2020-01-02;2880
2020-01-01;0
2019-12-31;0
2019-12-30;1048
2019-12-29;2278
2019-12-28;4307
2019-12-27;2453
2019-12-26;1887
2019-12-25;0
2019-12-24;0
2019-12-23;0
2019-12-22;5960
2019-12-21;9359
2019-12-20;10529
2019-12-19;9894
2019-12-18;10697,9
2019-12-17;8872
2019-12-16;540
2019-12-15;4620
2019-12-14;9809
2019-12-13;8680
2019-12-12;9902
2019-12-11;6750
2019-12-10;9120
2019-12-09;4056
2019-12-08;8773
2019-12-07;12533
2019-12-06;7312
2019-12-05;5749
2019-12-04;9636
2019-12-03;5433
2019-12-02;0
2019-12-01;29221
2019-11-30;22991
2019-11-29;6922
2019-11-28;3077
2019-11-27;4792
2019-11-26;5773
2019-11-25;4925
2019-11-24;5795
2019-11-23;8483
2019-11-22;2889
2019-11-21;2548
2019-11-20;5177
2019-11-19;4086
2019-11-18;0
2019-11-17;3553
2019-11-16;6444
2019-11-15;5096
2019-11-14;2906
2019-11-13;3649
2019-11-12;2710
2019-11-11;1464
2019-11-10;5254
2019-11-09;6383
2019-11-08;3728
2019-11-07;4799
2019-11-06;5070
2019-11-05;4243
2019-11-04;354
2019-11-03;4582
2019-11-02;6110
2019-11-01;5851
2019-10-31;4645
2019-10-30;6956
2019-10-29;3670
2019-10-28;2510
2019-10-27;7028
2019-10-26;5616
2019-10-25;5178
2019-10-24;3704
2019-10-23;2467
2019-10-22;2974
2019-10-21;0
2019-10-20;3250
2019-10-19;5820
2019-10-18;4257
2019-10-17;2703
2019-10-16;8086
2019-10-15;1733
2019-10-14;724
2019-10-13;5621
2019-10-12;13837
2019-10-11;3689
2019-10-10;6676
2019-10-09;3484
2019-10-08;4486
2019-10-07;110
2019-10-06;3506
2019-10-05;4834
2019-10-04;11982
2019-10-03;1823
2019-10-02;2143
2019-10-01;3552
2019-09-30;0
2019-09-29;3546
2019-09-28;1813
2019-09-27;2039
2019-09-26;2149
2019-09-25;2873
2019-09-24;1776
2019-09-23;380
2019-09-22;2178
2019-09-21;10222
2019-09-20;3273
2019-09-19;3188
2019-09-18;2516
2019-09-17;3405
2019-09-16;337
2019-09-15;760
2019-09-14;4965
2019-09-13;5870
2019-09-12;7807
2019-09-11;4195
2019-09-10;2003
2019-09-09;3048
2019-09-08;3910
2019-09-07;4499
2019-09-06;2124
2019-09-05;3621
2019-09-04;1520
2019-09-03;1490
2019-09-02;995
2019-09-01;1387
2019-08-31;1274
2019-08-30;1672
2019-08-29;1725
2019-08-28;2650
2019-08-27;2614
2019-08-26;3028
2019-08-25;2962
2019-08-24;2799
2019-08-23;7839
2019-08-22;4677
2019-08-21;2605
2019-08-20;3810
2019-08-19;2693
2019-08-18;3210
2019-08-17;2891
2019-08-16;4554
2019-08-15;3381
2019-08-14;3676
2019-08-13;4031
2019-08-12;1847
2019-08-11;6470
2019-08-10;2767
2019-08-09;3931
2019-08-08;2639
2019-08-07;3485
2019-08-06;2883
2019-08-05;4663
2019-08-04;1844
2019-08-03;2913
2019-08-02;4471
2019-08-01;4538
2019-07-31;8531
2019-07-30;4150
2019-07-29;4583
2019-07-28;5589
2019-07-27;8435
2019-07-26;7039
2019-07-25;4549
2019-07-24;4368
2019-07-23;8744
2019-07-22;8526
2019-07-21;4762
2019-07-20;6894
2019-07-19;5644
2019-07-18;7507
2019-07-17;7003
2019-07-16;3225
2019-07-15;7468
2019-07-14;5699
2019-07-13;4870
2019-07-12;7435
2019-07-11;7650
2019-07-10;6290
2019-07-09;7607
2019-07-08;3623
2019-07-07;5553
2019-07-06;4865
2019-07-05;5740
2019-07-04;8217
2019-07-03;6530
2019-07-02;7930
2019-07-01;10923
2019-06-30;1791
2019-06-29;4263
2019-06-28;8424
2019-06-27;6509
2019-06-26;8004
2019-06-25;8041
2019-06-24;4716
2019-06-23;6391
2019-06-22;4228
2019-06-21;11532
2019-06-20;6112
2019-06-19;6200
2019-06-18;4583
2019-06-17;3514
2019-06-16;7390
2019-06-15;14919
2019-06-14;3732
2019-06-13;4250
2019-06-12;3223
2019-06-11;2651
2019-06-10;4164
2019-06-09;878
2019-06-08;14744
2019-06-07;5997
2019-06-06;13454
2019-06-05;2785
2019-06-04;2179
2019-06-03;3880
2019-06-02;2872
2019-06-01;3272
2019-05-31;7441
2019-05-30;4506
2019-05-29;2268
2019-05-28;3936
2019-05-27;5103
2019-05-26;3210
2019-05-25;2373
2019-05-24;5524
2019-05-23;2748
2019-05-22;11554
2019-05-21;5195
2019-05-20;3499
2019-05-19;3827
2019-05-18;2352
2019-05-17;3036
2019-05-16;2207
2019-05-15;4103
2019-05-14;2046
2019-05-13;1413
2019-05-12;5273
2019-05-11;4483
2019-05-10;3450
2019-05-09;1967
2019-05-08;4380,5
2019-05-07;6302
2019-05-06;1528
2019-05-05;2517
2019-05-04;1670
2019-05-03;1514
2019-05-02;4338
2019-05-01;4465
2019-04-30;1667
2019-04-29;0
2019-04-28;4474
2019-04-27;2276
2019-04-26;3781
2019-04-25;2746
2019-04-24;3195
2019-04-23;943
2019-04-22;1572
2019-04-21;2222
2019-04-20;1502,5
2019-04-19;1329
2019-04-18;4866
2019-04-17;3514
2019-04-16;4093
2019-04-15;6774
2019-04-14;1183
2019-04-13;4521
2019-04-12;2980
2019-04-11;1531
2019-04-10;4293
2019-04-09;2668
2019-04-08;0
2019-04-07;3130
2019-04-06;3757
2019-04-05;3199
2019-04-04;932
2019-04-03;905
2019-04-02;1992
2019-04-01;434
2019-03-31;4658
2019-03-30;3425
2019-03-29;1690
2019-03-28;2609
2019-03-27;1600
2019-03-26;2426
2019-03-25;0
2019-03-24;1609
2019-03-23;3506
2019-03-22;2137
2019-03-21;330
2019-03-20;1459
2019-03-19;1863
2019-03-18;0
2019-03-17;1487
2019-03-16;6271
2019-03-15;1554
2019-03-14;1664
2019-03-13;1837
2019-03-12;950
2019-03-11;468
2019-03-10;1856
2019-03-09;2665
2019-03-08;1781
2019-03-07;2845
2019-03-06;936
2019-03-05;1038
2019-03-04;265
2019-03-03;2524
2019-03-02;3355
2019-03-01;2466
2019-02-28;2157
2019-02-27;2138
2019-02-26;985
2019-02-25;316
2019-02-24;5133
2019-02-23;3333
2019-02-22;5002
2019-02-21;2468
2019-02-20;3884
2019-02-19;5682
2019-02-18;3188
2019-02-17;5564,4
2019-02-16;2551,1
2019-02-15;565
2019-02-14;3572
2019-02-13;5667
2019-02-12;2767
2019-02-11;71
2019-02-10;2241
2019-02-09;2196
2019-02-08;1386
2019-02-07;1013
2019-02-06;2485
2019-02-05;1088
2019-02-04;784
2019-02-03;5464
2019-02-02;2578
2019-02-01;573
2019-01-31;419
2019-01-30;1254
2019-01-29;1555
2019-01-28;0
2019-01-27;1886
2019-01-26;7387
2019-01-25;434
2019-01-24;640
2019-01-23;955
2019-01-22;516
2019-01-21;65
2019-01-20;1186
2019-01-19;1169
2019-01-18;549
2019-01-17;1252
2019-01-16;749
2019-01-15;1067
2019-01-14;0
2019-01-13;1176
2019-01-12;2118
2019-01-11;1784
2019-01-10;412
2019-01-09;1302
2019-01-08;1202
2019-01-07;0
2019-01-06;2863
2019-01-05;1710
2019-01-04;2154
2019-01-03;2903
2019-01-02;1852
2019-01-01;0
