datum;intäkt
2026-05-13;13020
2026-05-12;19110
2026-05-11;7080
2026-05-10;27270
2026-05-09;21615
2026-05-08;14130
2026-05-07;13875
2026-05-06;11820
2026-05-05;8550
2026-05-04;8400
2026-05-03;18150
2026-05-02;26535
2026-05-01;19890
2026-04-30;7575
2026-04-29;7305
2026-04-28;12480
2026-04-26;18210
2026-04-25;29250
2026-04-24;11520
2026-04-23;6720
2026-04-22;4290
2026-04-21;9180
2026-04-19;11745
2026-04-18;23690
2026-04-17;7905
2026-04-16;10800
2026-04-15;5985
2026-04-14;4995
2026-04-12;16065
2026-04-11;22305
2026-04-10;14685
2026-04-09;7695
2026-04-08;8160
2026-04-07;11850
2026-04-06;30450
2026-04-05;35310
2026-04-04;38730
2026-04-03;37350
2026-04-02;61965
2026-04-01;16980
2026-03-31;19290
2026-03-30;14040
2026-03-29;22980
2026-03-28;25440
2026-03-27;5280
2026-03-26;6150
2026-03-25;6615
2026-03-24;6090
2026-03-22;16695
2026-03-21;17535
2026-03-20;6780
2026-03-19;9180
2026-03-18;3240
2026-03-17;7110
2026-03-15;17460
2026-03-14;21600
2026-03-13;6060
2026-03-12;7710
2026-03-11;4590
2026-03-10;4635
2026-03-08;14040
2026-03-07;18825
2026-03-06;4470
2026-03-05;2820
2026-03-04;3780
2026-03-03;8340
2026-03-01;11730
2026-02-28;16380
2026-02-27;6450
2026-02-26;6795
2026-02-25;4920
2026-02-24;6090
2026-02-22;16650
2026-02-21;21900
2026-02-20;23250
2026-02-19;20790
2026-02-18;20715
2026-02-17;12705
2026-02-16;15030
2026-02-15;16500
2026-02-14;20280
2026-02-13;3630
2026-02-12;6165
2026-02-11;3870
2026-02-10;4500
2026-02-08;6540
2026-02-07;8550
2026-02-06;1395
2026-02-05;2100
2026-02-04;3825
2026-02-03;1530
2026-02-02;0
2026-02-01;5415
2026-01-31;13110
2026-01-30;2460
2026-01-29;1200
2026-01-28;1650
2026-01-27;1560
2026-01-25;7170
2026-01-24;16035
2026-01-23;4140
2026-01-22;2370
2026-01-21;2100
2026-01-20;3600
2026-01-18;15090
2026-01-17;9930
2026-01-16;4035
2026-01-15;1530
2026-01-14;2400
2026-01-13;2460
2026-01-11;7530
2026-01-10;6810
2026-01-09;4035
2026-01-08;4215
2026-01-07;3060
2026-01-06;5700
2026-01-05;6720
2026-01-04;6585
2026-01-03;15300
2026-01-02;11835
2025-12-30;14040
2025-12-29;24075
2025-12-28;19845
2025-12-27;21795
2025-12-26;22110
2025-12-23;9720
2025-12-22;12000
2025-12-21;8835
2025-12-20;15225
2025-12-19;7605
2025-12-18;5760
2025-12-17;2850
2025-12-16;4980
2025-12-14;10230
2025-12-13;17040
2025-12-12;6945
2025-12-11;5040
2025-12-10;5490
2025-12-09;2370
2025-12-07;18150
2025-12-06;26010
2025-12-05;7680
2025-12-04;7695
2025-12-03;4620
2025-12-02;6240
2025-11-30;285
2025-11-29;445
2025-11-28;0
2025-11-27;2760
2025-11-26;4965
2025-11-25;7185
2025-11-23;13710
2025-11-22;16770
2025-11-21;5550
2025-11-20;4470
2025-11-19;3270
2025-11-18;5610
2025-11-16;10725
2025-11-15;20910
2025-11-14;9330
2025-11-13;7575
2025-11-12;10470
2025-11-11;5310
2025-11-09;13200
2025-11-08;22005
2025-11-07;8160
2025-11-06;7140
2025-11-05;6150
2025-11-04;4140
2025-11-02;16530
2025-11-01;18750
2025-10-31;20130
2025-10-30;24795
2025-10-29;16620
2025-10-28;14355
2025-10-27;14010
2025-10-26;24750
2025-10-25;18345
2025-10-24;9870
2025-10-23;6735
2025-10-22;7515
2025-10-21;7335
2025-10-20;0
2025-10-19;15480
2025-10-18;19860
2025-10-17;10740
2025-10-16;16680
2025-10-15;8955
2025-10-14;11700
2025-10-13;0
2025-10-12;14760
2025-10-11;21930
2025-10-10;5490
2025-10-09;6330
2025-10-08;5730
2025-10-07;7455
2025-10-06;0
2025-10-05;13635
2025-10-04;11400
2025-10-03;6405
2025-10-02;8535
2025-10-01;4350
2025-09-30;9090
2025-09-29;0
2025-09-28;11880
2025-09-27;23370
2025-09-26;6510
2025-09-25;12840
2025-09-24;5520
2025-09-23;1140
2025-09-22;0
2025-09-21;10860
2025-09-20;13935
2025-09-19;12000
2025-09-18;12510
2025-09-17;9270
2025-09-16;10410
2025-09-15;0
2025-09-14;10710
2025-09-13;23805
2025-09-12;10890
2025-09-11;11145
2025-09-10;8160
2025-09-09;8880
2025-09-07;17790
2025-09-06;0
2025-09-05;4050
2025-09-04;10770
2025-09-03;12105
2025-09-02;12510
2025-08-31;20790
2025-08-30;26130
2025-08-29;19920
2025-08-28;22500
2025-08-27;21900
2025-08-26;16950
2025-08-25;19890
2025-08-24;25005
2025-08-23;29490
2025-08-22;21930
2025-08-21;24720
2025-08-20;22755
2025-08-19;22290
2025-08-18;28755
2025-08-17;26745
2025-08-16;35160
2025-08-15;20685
2025-08-14;29370
2025-08-13;24360
2025-08-12;29790
2025-08-11;41385
2025-08-10;33540
2025-08-09;35610
2025-08-08;26745
2025-08-07;46905
2025-08-06;48030
2025-08-05;40020
2025-08-04;48060
2025-08-03;39240
2025-08-02;35430
2025-08-01;34725
2025-07-31;47700
2025-07-30;47250
2025-07-29;50790
2025-07-28;42630
2025-07-27;30270
2025-07-26;48465
2025-07-25;32880
2025-07-24;51015
2025-07-23;56430
2025-07-22;46860
2025-07-21;37200
2025-07-20;24300
2025-07-19;30060
2025-07-18;26805
2025-07-17;46785
2025-07-16;44715
2025-07-15;41460
2025-07-14;33300
2025-07-13;33450
2025-07-12;38445
2025-07-11;30165
2025-07-10;40470
2025-07-09;27975
2025-07-08;36060
2025-07-07;37680
2025-07-06;36015
2025-07-05;27360
2025-07-04;25350
2025-07-03;26535
2025-07-02;18135
2025-07-01;18555
2025-06-30;21960
2025-06-29;22395
2025-06-28;28725
2025-06-27;18900
2025-06-26;21300
2025-06-25;21675
2025-06-24;24840
2025-06-23;17010
2025-06-22;21780
2025-06-21;35700
2025-06-20;119370
2025-06-19;20820
2025-06-18;12300
2025-06-17;19395
2025-06-16;18120
2025-06-15;16350
2025-06-14;19845
2025-06-13;16680
2025-06-12;14520
2025-06-11;16590
2025-06-10;12600
2025-06-09;21000
2025-06-08;6915
2025-06-07;24510
2025-06-06;0
2025-06-05;17160
2025-06-04;12870
2025-06-03;12000
2025-06-02;10380
2025-06-01;18030
2025-05-31;8130
2025-05-30;29310
2025-05-29;30750
2025-05-28;10905
2025-05-27;8730
2025-05-26;10800
2025-05-25;28005
2025-05-24;0
2025-05-23;8130
2025-05-22;12210
2025-05-21;6480
2025-05-20;7920
2025-05-19;8775
2025-05-18;17520
2025-05-17;24615
2025-05-16;14820
2025-05-15;7935
2025-05-14;9330
2025-05-13;9150
2025-05-12;8280
2025-05-11;14850
2025-05-10;21825
2025-05-09;9720
2025-05-08;8655
2025-05-07;7320
2025-05-06;8160
2025-05-05;6120
2025-05-04;19950
2025-05-03;24855
2025-05-02;25170
2025-05-01;19410
2025-04-30;6480
2025-04-29;8835
2025-04-27;12930
2025-04-26;17970
2025-04-25;11760
2025-04-24;7725
2025-04-23;6165
2025-04-22;7125
2025-04-21;17910
2025-04-20;27765
2025-04-19;24825
2025-04-18;34080
2025-04-17;67725
2025-04-16;18300
2025-04-15;23595
2025-04-14;16710
2025-04-13;15165
2025-04-12;21330
2025-04-11;3525
2025-04-10;8010
2025-04-09;5040
2025-04-08;6030
2025-04-07;0
2025-04-06;12810
2025-04-05;14220
2025-04-04;6105
2025-04-03;9195
2025-04-02;4500
2025-04-01;5700
2025-03-30;11220
2025-03-29;18390
2025-03-28;8160
2025-03-27;6810
2025-03-26;5400
2025-03-25;1530
2025-03-23;12825
2025-03-22;19095
2025-03-21;7680
2025-03-20;9690
2025-03-19;3960
2025-03-18;2700
2025-03-16;10800
2025-03-15;13890
2025-03-14;3840
2025-03-13;5160
2025-03-12;3000
2025-03-11;5010
2025-03-09;15675
2025-03-08;18105
2025-03-07;6060
2025-03-06;4665
2025-03-05;6885
2025-03-04;3720
2025-03-02;11610
2025-03-01;21000
2025-02-28;7050
2025-02-27;5355
2025-02-26;3720
2025-02-25;3630
2025-02-23;15505
2025-02-22;19380
2025-02-21;16005
2025-02-20;16995
2025-02-19;8880
2025-02-18;8640
2025-02-17;9780
2025-02-16;10275
2025-02-15;15090
2025-02-14;5835
2025-02-13;5820
2025-02-12;5610
2025-02-11;9105
2025-02-09;10380
2025-02-08;13260
2025-02-07;3030
2025-02-06;4590
2025-02-05;4200
2025-02-04;2340
2025-02-02;25200
2025-02-01;40500
2025-01-31;2995
2025-01-30;3420
2025-01-29;4830
2025-01-28;2655
2025-01-27;0
2025-01-26;5460
2025-01-25;12720
2025-01-24;3690
2025-01-23;4065
2025-01-22;3870
2025-01-21;2340
2025-01-19;12390
2025-01-18;14130
2025-01-17;2850
2025-01-16;4095
2025-01-15;4740
2025-01-14;2340
2025-01-12;7725
2025-01-11;11640
2025-01-10;1770
2025-01-09;2070
2025-01-08;3555
2025-01-07;10131
2025-01-06;7680
2025-01-05;8910
2025-01-04;13335
2025-01-03;12495
2025-01-02;16590
2024-12-30;15250
2024-12-29;20450
2024-12-28;18825
2024-12-27;20125
2024-12-26;19600
2024-12-23;9975
2024-12-22;9950
2024-12-21;7700
2024-12-20;4650
2024-12-19;4800
2024-12-18;3550
2024-12-17;3600
2024-12-15;7200
2024-12-14;10675
2024-12-13;5450
2024-12-12;5925
2024-12-11;6150
2024-12-10;4500
2024-12-08;14950
2024-12-07;12250
2024-12-06;5475
2024-12-05;4200
2024-12-04;3950
2024-12-03;4500
2024-12-01;0
2024-11-30;0
2024-11-29;0
2024-11-28;3800
2024-11-27;5050
2024-11-26;2450
2024-11-24;9000
2024-11-23;14075
2024-11-22;3300
2024-11-21;3750
2024-11-20;3900
2024-11-19;3000
2024-11-17;15450
2024-11-16;17650
2024-11-15;5925
2024-11-14;6550
2024-11-13;1900
2024-11-12;5425
2024-11-10;12100
2024-11-09;22375
2024-11-08;5500
2024-11-07;4225
2024-11-06;4000
2024-11-05;6250
2024-11-03;15200
2024-11-02;26500
2024-11-01;17675
2024-10-31;16425
2024-10-30;14050
2024-10-29;14750
2024-10-28;16400
2024-10-27;16650
2024-10-26;30220
2024-10-25;6825
2024-10-24;8475
2024-10-23;5150
2024-10-22;5850
2024-10-20;15300
2024-10-19;13300
2024-10-18;13950
2024-10-17;13400
2024-10-16;9559
2024-10-15;11200
2024-10-13;15400
2024-10-12;26700
2024-10-11;9500
2024-10-10;6650
2024-10-09;5400
2024-10-08;4800
2024-10-06;16525
2024-10-05;23050
2024-10-04;7600
2024-10-03;10450
2024-10-02;6825
2024-10-01;4950
2024-09-29;17650
2024-09-28;15275
2024-09-27;7000
2024-09-26;6050
2024-09-25;8450
2024-09-24;6775
2024-09-22;19650
2024-09-21;14125
2024-09-20;13875
2024-09-19;10000
2024-09-18;6000
2024-09-17;7350
2024-09-15;16750
2024-09-14;27200
2024-09-13;8500
2024-09-12;9050
2024-09-11;7525
2024-09-10;9650
2024-09-09;8575
2024-09-08;11350
2024-09-07;24900
2024-09-06;10450
2024-09-05;14025
2024-09-04;7750
2024-09-03;9900
2024-09-02;12600
2024-09-01;14650
2024-08-31;20600
2024-08-30;13425
2024-08-29;17050
2024-08-28;11575
2024-08-27;11100
2024-08-26;15450
2024-08-25;25400
2024-08-24;31775
2024-08-23;20175
2024-08-22;27825
2024-08-21;27750
2024-08-20;19475
2024-08-19;23400
2024-08-18;28675
2024-08-17;26850
2024-08-16;23275
2024-08-15;25225
2024-08-14;21450
2024-08-13;29225
2024-08-12;27100
2024-08-11;28725
2024-08-10;36825
2024-08-09;21450
2024-08-08;37375
2024-08-07;30800
2024-08-06;28900
2024-08-05;36850
2024-08-04;30575
2024-08-03;32400
2024-08-02;30375
2024-08-01;36100
2024-07-31;28325
2024-07-30;32350
2024-07-29;37575
2024-07-28;27675
2024-07-27;32500
2024-07-26;34975
2024-07-25;49850
2024-07-24;44725
2024-07-23;51725
2024-07-22;39125
2024-07-21;21000
2024-07-20;22575
2024-07-19;32675
2024-07-18;46600
2024-07-17;43750
2024-07-16;46175
2024-07-15;41450
2024-07-14;34350
2024-07-13;22075
2024-07-12;32800
2024-07-11;39550
2024-07-10;27025
2024-07-09;35975
2024-07-08;41875
2024-07-07;34100
2024-07-06;26400
2024-07-05;27950
2024-07-04;33975
2024-07-03;30225
2024-07-02;30350
2024-07-01;24050
2024-06-30;20500
2024-06-29;26750
2024-06-28;15200
2024-06-27;16425
2024-06-26;18000
2024-06-25;18075
2024-06-24;19925
2024-06-23;28600
2024-06-22;30400
2024-06-21;78900
2024-06-20;13350
2024-06-19;16200
2024-06-18;15625
2024-06-17;21675
2024-06-16;20025
2024-06-15;21775
2024-06-14;18650
2024-06-13;14700
2024-06-12;13475
2024-06-11;12200
2024-06-10;13600
2024-06-09;18225
2024-06-08;29925
2024-06-07;17450
2024-06-06;0
2024-06-05;16325
2024-06-04;12175
2024-06-03;10400
2024-06-02;18375
2024-06-01;0
2024-05-31;10900
2024-05-30;16175
2024-05-29;10200
2024-05-28;13475
2024-05-27;11450
2024-05-26;19925
2024-05-25;32650
2024-05-24;12025
2024-05-23;11825
2024-05-22;9150
2024-05-21;10200
2024-05-20;13400
2024-05-19;22575
2024-05-18;19310
2024-05-17;12700
2024-05-16;7900
2024-05-15;8025
2024-05-14;8950
2024-05-13;9625
2024-05-12;14475
2024-05-11;24350
2024-05-10;42275
2024-05-09;31175
2024-05-08;16100
2024-05-07;14600
2024-05-06;6400
2024-05-05;12750
2024-05-04;23925
2024-05-03;14225
2024-05-02;13750
2024-05-01;14450
2024-04-30;10000
2024-04-28;19925
2024-04-27;28750
2024-04-26;11100
2024-04-25;11375
2024-04-24;6750
2024-04-23;6700
2024-04-21;15775
2024-04-20;24575
2024-04-19;6000
2024-04-18;10175
2024-04-17;6125
2024-04-16;8400
2024-04-14;17250
2024-04-13;24750
2024-04-12;9775
2024-04-11;7100
2024-04-10;10750
2024-04-09;11325
2024-04-07;16575
2024-04-06;30825
2024-04-05;10350
2024-04-04;14875
2024-04-03;13500
2024-04-02;6275
2024-04-01;24750
2024-03-31;26400
2024-03-30;28100
2024-03-29;26225
2024-03-28;50600
2024-03-27;18250
2024-03-26;20650
2024-03-25;11750
2024-03-24;17800
2024-03-23;23900
2024-03-22;6850
2024-03-21;4450
2024-03-20;5300
2024-03-19;2850
2024-03-17;14875
2024-03-16;23725
2024-03-15;11825
2024-03-14;4250
2024-03-13;5150
2024-03-12;3700
2024-03-10;15900
2024-03-09;22435
2024-03-08;10525
2024-03-07;8675
2024-03-06;6800
2024-03-05;11350
2024-03-03;15125
2024-03-02;17100
2024-03-01;6450
2024-02-29;9550
2024-02-28;5100
2024-02-27;4950
2024-02-25;19750
2024-02-24;30850
2024-02-23;31850
2024-02-22;29900
2024-02-21;17525
2024-02-20;13600
2024-02-19;15575
2024-02-18;16050
2024-02-17;34100
2024-02-16;7350
2024-02-15;6450
2024-02-14;5675
2024-02-13;6250
2024-02-12;0
2024-02-11;10800
2024-02-10;11400
2024-02-09;3700
2024-02-08;4725
2024-02-07;1400
2024-02-06;1600
2024-02-04;7550
2024-02-03;16050
2024-02-02;1750
2024-02-01;3200
2024-01-31;2000
2024-01-30;3000
2024-01-28;20550
2024-01-27;21425
2024-01-26;5400
2024-01-25;10125
2024-01-24;7850
2024-01-23;9550
2024-01-21;13350
2024-01-20;20475
2024-01-19;4750
2024-01-18;5425
2024-01-17;450
2024-01-16;1900
2024-01-14;8025
2024-01-13;18400
2024-01-12;6475
2024-01-11;4525
2024-01-10;3500
2024-01-09;3400
2024-01-07;6300
2024-01-06;11650
2024-01-05;6150
2024-01-04;6450
2024-01-03;6800
2024-01-02;13150
2023-12-30;14825
2023-12-29;21525
2023-12-28;19250
2023-12-27;27300
2023-12-26;21400
2023-12-23;10100
2023-12-22;4750
2023-12-21;5050
2023-12-20;3850
2023-12-19;3500
2023-12-17;12850
2023-12-16;11625
2023-12-15;3825
2023-12-14;7965
2023-12-13;4400
2023-12-12;6525
2023-12-11;0
2023-12-10;7050
2023-12-09;7675
2023-12-08;5925
2023-12-07;9875
2023-12-06;3150
2023-12-05;3150
2023-12-04;0
2023-12-03;0
2023-12-02;1200
2023-12-01;0
2023-11-30;4675
2023-11-29;4400
2023-11-28;4400
2023-11-27;0
2023-11-26;10600
2023-11-25;16425
2023-11-24;9300
2023-11-23;3350
2023-11-22;3925
2023-11-21;6699
2023-11-19;9600
2023-11-18;19175
2023-11-17;6350
2023-11-16;6475
2023-11-15;7900
2023-11-14;8525
2023-11-12;13300
2023-11-11;19675
2023-11-10;7100
2023-11-09;4725
2023-11-08;5100
2023-11-07;5150
2023-11-05;11950
2023-11-04;25775
2023-11-03;23475
2023-11-02;41300
2023-11-01;18500
2023-10-31;14200
2023-10-30;19825
2023-10-29;14850
2023-10-28;19825
2023-10-27;12600
2023-10-26;5450
2023-10-25;6700
2023-10-24;8550
2023-10-22;13150
2023-10-21;21100
2023-10-20;12100
2023-10-19;8975
2023-10-18;12200
2023-10-17;8950
2023-10-16;0
2023-10-15;20250
2023-10-14;23700
2023-10-13;9975
2023-10-12;9975
2023-10-11;4075
2023-10-10;5500
2023-10-08;19025
2023-10-07;22000
2023-10-06;10300
2023-10-05;11425
2023-10-04;9675
2023-10-03;9150
2023-10-01;25725
2023-09-30;37400
2023-09-29;8725
2023-09-28;16775
2023-09-27;7700
2023-09-26;9900
2023-09-25;0
2023-09-24;18550
2023-09-23;26975
2023-09-22;6925
2023-09-21;7600
2023-09-20;6000
2023-09-19;7450
2023-09-17;10200
2023-09-16;13500
2023-09-15;9325
2023-09-14;8050
2023-09-13;10450
2023-09-12;8875
2023-09-11;11150
2023-09-10;10350
2023-09-09;14850
2023-09-08;8400
2023-09-07;13775
2023-09-06;10700
2023-09-05;7600
2023-09-04;8550
2023-09-03;16500
2023-09-02;21000
2023-09-01;16050
2023-08-31;11300
2023-08-30;11850
2023-08-29;11200
2023-08-28;24600
2023-08-27;21275
2023-08-26;28875
2023-08-25;17800
2023-08-24;20625
2023-08-23;18350
2023-08-22;18350
2023-08-21;18950
2023-08-20;21150
2023-08-19;21750
2023-08-18;26150
2023-08-17;27250
2023-08-16;24600
2023-08-15;20050
2023-08-14;27250
2023-08-13;29700
2023-08-12;30879
2023-08-11;22900
2023-08-10;39075
2023-08-09;29075
2023-08-08;40500
2023-08-07;21450
2023-08-06;24675
2023-08-05;37000
2023-08-04;33200
2023-08-03;46025
2023-08-02;49600
2023-08-01;51300
2023-07-31;41950
2023-07-30;29275
2023-07-29;36400
2023-07-28;32650
2023-07-27;48050
2023-07-26;45350
2023-07-25;49750
2023-07-24;47950
2023-07-23;33150
2023-07-22;48875
2023-07-21;36800
2023-07-20;45675
2023-07-19;37672
2023-07-18;46275
2023-07-17;34275
2023-07-16;37775
2023-07-15;28175
2023-07-14;39350
2023-07-13;33750
2023-07-12;28750
2023-07-11;43150
2023-07-10;37950
2023-07-09;21125
2023-07-08;20800
2023-07-07;23500
2023-07-06;36675
2023-07-05;29325
2023-07-04;28425
2023-07-03;30430
2023-07-02;26650
2023-07-01;31400
2023-06-30;21225
2023-06-29;18150
2023-06-28;17000
2023-06-27;21275
2023-06-26;10850
2023-06-25;17475
2023-06-24;21225
2023-06-23;104750
2023-06-22;10020
2023-06-21;10115
2023-06-20;8805
2023-06-19;12815
2023-06-18;17305
2023-06-17;18005
2023-06-16;10515
2023-06-15;14455
2023-06-14;12035
2023-06-13;9710
2023-06-12;9575
2023-06-11;16090
2023-06-10;17535
2023-06-09;11705
2023-06-08;16320
2023-06-07;7180
2023-06-06;0
2023-06-05;16785
2023-06-04;11420
2023-06-03;16060
2023-06-02;8470
2023-06-01;12735
2023-05-31;5325
2023-05-30;7885
2023-05-29;13350
2023-05-28;17360
2023-05-27;16615
2023-05-26;11410
2023-05-25;11755
2023-05-24;5605
2023-05-23;5250
2023-05-22;10195
2023-05-21;16870
2023-05-20;21115
2023-05-19;22740
2023-05-18;19155
2023-05-17;7565
2023-05-16;10885
2023-05-15;7260
2023-05-14;19860
2023-05-13;12775
2023-05-12;9540
2023-05-11;6750
2023-05-10;7695
2023-05-09;7475
2023-05-08;6610
2023-05-07;13310
2023-05-06;19210
2023-05-05;14620
2023-05-04;7820
2023-05-03;8625
2023-05-02;5785
2023-05-01;11400
2023-04-30;10358
2023-04-29;10460
2023-04-28;5240
2023-04-27;4710
2023-04-26;2365
2023-04-25;3295
2023-04-24;0
2023-04-23;10358
2023-04-22;11250
2023-04-21;4673
2023-04-20;6415
2023-04-19;4390
2023-04-18;2602,5
2023-04-17;0
2023-04-16;25415
2023-04-15;10840
2023-04-14;5600
2023-04-13;8615
2023-04-12;4312
2023-04-11;3545
2023-04-10;21769
2023-04-09;21744
2023-04-08;28870
2023-04-07;26425
2023-04-06;45580
2023-04-05;13125
2023-04-04;12505
2023-04-03;10720
2023-04-02;15240
2023-04-01;27140
2023-03-31;1913
2023-03-30;1703
2023-03-29;2108
2023-03-28;3395
2023-03-27;0
2023-03-26;6272
2023-03-25;11970
2023-03-24;3620
2023-03-23;2953
2023-03-22;1945
2023-03-21;3135
2023-03-20;0
2023-03-19;10888
2023-03-18;10325
2023-03-17;2775
2023-03-16;2958
2023-03-15;3535
2023-03-14;2550
2023-03-13;0
2023-03-12;6610
2023-03-11;10593
2023-03-10;2818
2023-03-09;2188
2023-03-08;3130
2023-03-07;1535
2023-03-06;0
2023-03-05;7785
2023-03-04;9708
2023-03-03;2880
2023-03-02;2690
2023-03-01;2145
2023-02-28;1850
2023-02-27;0
2023-02-26;22750
2023-02-25;30540
2023-02-24;17995
2023-02-23;19525
2023-02-22;15070
2023-02-21;12440
2023-02-20;11030
2023-02-19;19915
2023-02-18;29655
2023-02-17;5710
2023-02-16;5821
2023-02-15;3253
2023-02-14;4315
2023-02-13;0
2023-02-12;9895
2023-02-11;12070
2023-02-10;5002,5
2023-02-09;2920
2023-02-08;1650
2023-02-07;1460
2023-02-06;0
2023-02-05;40160
2023-02-04;56210
2023-02-03;2505
2023-02-02;3745
2023-02-01;5135
2023-01-31;2685
2023-01-30;0
2023-01-29;11907
2023-01-28;17132
2023-01-27;4935
2023-01-26;2235
2023-01-25;3473
2023-01-24;1835
2023-01-23;0
2023-01-22;8820
2023-01-21;14810
2023-01-20;2820
2023-01-19;2330
2023-01-18;2908
2023-01-17;2065
2023-01-16;0
2023-01-15;9867
2023-01-14;18637
2023-01-13;3573
2023-01-12;3493
2023-01-11;2910
2023-01-10;3612
2023-01-09;0
2023-01-08;13685
2023-01-07;19250
2023-01-06;17290
2023-01-05;18095
2023-01-04;10440
2023-01-03;20215
2023-01-02;12065
2023-01-01;0
2022-12-31;0
2022-12-30;18350
2022-12-29;23590
2022-12-28;15670
2022-12-27;24180
2022-12-26;19014
2022-12-25;0
2022-12-24;0
2022-12-23;3950
2022-12-22;6970
2022-12-21;3455
2022-12-20;3450
2022-12-19;0
2022-12-18;7005
2022-12-17;8145
2022-12-16;2110
2022-12-15;5775
2022-12-14;3165
2022-12-13;2205
2022-12-12;0
2022-12-11;8610
2022-12-10;14395
2022-12-09;3755
2022-12-08;3885
2022-12-07;1685
2022-12-06;4605
2022-12-05;0
2022-12-04;19935
2022-12-03;26060
2022-12-02;5550
2022-12-01;3925
2022-11-30;2350
2022-11-29;3235
2022-11-28;0
2022-11-27;20460
2022-11-26;16590
2022-11-25;13230
2022-11-24;3570
2022-11-23;3320
2022-11-22;2405
2022-11-21;0
2022-11-20;9495
2022-11-19;13015
2022-11-18;5500
2022-11-17;3790
2022-11-16;3770
2022-11-15;2135
2022-11-14;0
2022-11-13;14685
2022-11-12;18180
2022-11-11;5005
2022-11-10;4850
2022-11-09;3460
2022-11-08;3205
2022-11-07;0
2022-11-06;14065
2022-11-05;22815
2022-11-04;18265
2022-11-03;28260
2022-11-02;15440
2022-11-01;15675
2022-10-31;17935
2022-10-30;16590
2022-10-29;25015
2022-10-28;5060
2022-10-27;4585
2022-10-26;3365
2022-10-25;4624
2022-10-24;0
2022-10-23;11280
2022-10-22;16845
2022-10-21;5200
2022-10-20;10690
2022-10-19;6100
2022-10-18;6915
2022-10-17;0
2022-10-16;15800
2022-10-15;16745
2022-10-14;5060
2022-10-13;5405
2022-10-12;3845
2022-10-11;2730
2022-10-10;0
2022-10-09;12780
2022-10-08;17430
2022-10-07;5285
2022-10-06;6600
2022-10-05;3395
2022-10-04;3320
2022-10-03;0
2022-10-02;13255
2022-10-01;18110
2022-09-30;4580
2022-09-29;4425
2022-09-28;6885
2022-09-27;2925
2022-09-26;0
2022-09-25;10335
2022-09-24;10375
2022-09-23;5080
2022-09-22;6385
2022-09-21;3155
2022-09-20;3235
2022-09-19;0
2022-09-18;8910
2022-09-17;12190
2022-09-16;2310
2022-09-15;7170
2022-09-14;6730
2022-09-13;4480
2022-09-12;7360
2022-09-11;16900
2022-09-10;25530
2022-09-09;7105
2022-09-08;8890
2022-09-07;6870
2022-09-06;4265
2022-09-05;9195
2022-09-04;11565
2022-09-03;15765
2022-09-02;8075
2022-09-01;6245
2022-08-31;11340
2022-08-30;6395
2022-08-29;14900
2022-08-28;17595
2022-08-27;20680
2022-08-26;8790
2022-08-25;11595
2022-08-24;13160
2022-08-23;9955
2022-08-22;13265
2022-08-21;19265
2022-08-20;23480
2022-08-19;14875
2022-08-18;16405
2022-08-17;12560
2022-08-16;14530
2022-08-15;10890
2022-08-14;17255
2022-08-13;16570
2022-08-12;18560
2022-08-11;21725
2022-08-10;25780
2022-08-09;30305
2022-08-08;31875
2022-08-07;25680
2022-08-06;27470
2022-08-05;34425
2022-08-04;16175
2022-08-03;25475
2022-08-02;36095
2022-08-01;36940
2022-07-31;17375
2022-07-30;26815
2022-07-29;32065
2022-07-28;37050
2022-07-27;48010
2022-07-26;49255
2022-07-25;30350
2022-07-24;27310
2022-07-23;35800
2022-07-22;41715
2022-07-21;20685
2022-07-20;15765
2022-07-19;26270
2022-07-18;40760
2022-07-17;26465
2022-07-16;31475
2022-07-15;30805
2022-07-14;37830
2022-07-13;33890
2022-07-12;24910
2022-07-11;27680
2022-07-10;23370
2022-07-09;28560
2022-07-08;26970
2022-07-07;28740
2022-07-06;25935
2022-07-05;25470
2022-07-04;24135
2022-07-03;17410
2022-07-02;17845
2022-07-01;16370
2022-06-30;17265
2022-06-29;16635
2022-06-28;16825
2022-06-27;12065
2022-06-26;11320
2022-06-25;11245
2022-06-24;103420
2022-06-23;12875
2022-06-22;12210
2022-06-21;11325
2022-06-20;12470
2022-06-19;24405
2022-06-18;15950
2022-06-17;11680
2022-06-16;14600
2022-06-15;14395
2022-06-14;11535
2022-06-13;18885
2022-06-12;15595
2022-06-11;16420
2022-06-10;11130
2022-06-09;11530
2022-06-08;7195
2022-06-07;9025
2022-06-06;0
2022-06-05;12460
2022-06-04;21410
2022-06-03;13360
2022-06-02;8030
2022-06-01;8240
2022-05-31;8420
2022-05-30;8480
2022-05-29;12495
2022-05-28;33675
2022-05-27;29265
2022-05-26;30610
2022-05-25;8375
2022-05-24;7080
2022-05-23;5290
2022-05-22;0
2022-05-21;260
2022-05-20;1475
2022-05-19;7535
2022-05-18;5425
2022-05-17;6115
2022-05-16;6990
2022-05-15;16840
2022-05-14;25350
2022-05-13;13440
2022-05-12;10270
2022-05-11;6185
2022-05-10;4035
2022-05-09;4375
2022-05-08;17695
2022-05-07;20685
2022-05-06;7560
2022-05-05;9520
2022-05-04;7795
2022-05-03;13140
2022-05-02;7255
2022-05-01;11930
2022-04-30;8895
2022-04-29;4195
2022-04-28;3125
2022-04-27;8405
2022-04-26;3635
2022-04-25;0
2022-04-24;11070
2022-04-23;13635
2022-04-22;4960
2022-04-21;8130
2022-04-20;7435
2022-04-19;3875
2022-04-18;17805
2022-04-17;20750
2022-04-16;33955
2022-04-15;32240
2022-04-14;41695
2022-04-13;22665
2022-04-12;21535
2022-04-11;17785
2022-04-10;26710
2022-04-09;23915
2022-04-08;4605
2022-04-07;2630
2022-04-06;3025
2022-04-05;4620
2022-04-04;0
2022-04-03;32840
2022-04-02;51450
2022-04-01;4210
2022-03-31;3095
2022-03-30;4040
2022-03-29;3620
2022-03-28;0
2022-03-27;12165
2022-03-26;16625
2022-03-25;3160
2022-03-24;2020
2022-03-23;4650
2022-03-22;3685
2022-03-21;0
2022-03-20;13035
2022-03-19;21305
2022-03-18;5410
2022-03-17;3285
2022-03-16;4695
2022-03-15;2480
2022-03-14;0
2022-03-13;15055
2022-03-12;17275
2022-03-11;4645
2022-03-10;2135
2022-03-09;4830
2022-03-08;4260
2022-03-07;0
2022-03-06;14365
2022-03-05;20870
2022-03-04;4805
2022-03-03;3525
2022-03-02;5195
2022-03-01;3065
2022-02-28;0
2022-02-27;17945
2022-02-26;39990
2022-02-25;40970
2022-02-24;31945
2022-02-23;28415
2022-02-22;20338
2022-02-21;14555
2022-02-20;24124
2022-02-19;38799
2022-02-18;2910
2022-02-17;2420
2022-02-16;2720
2022-02-15;2950
2022-02-14;0
2022-02-13;8242
2022-02-12;10200
2022-02-11;2385
2022-02-10;1110
2022-02-09;1600
2022-02-08;1560
2022-02-07;0
2022-02-06;7390
2022-02-05;10389
2022-02-04;1345
2022-02-03;950
2022-02-02;1660
2022-02-01;665
2022-01-31;0
2022-01-30;1850
2022-01-29;4515
2022-01-28;1640
2022-01-27;1180
2022-01-26;1940
2022-01-25;1550
2022-01-24;0
2022-01-23;4130
2022-01-22;3480
2022-01-21;1550
2022-01-20;945
2022-01-19;890
2022-01-18;450
2022-01-17;0
2022-01-16;2800
2022-01-15;4080
2022-01-14;1650
2022-01-13;1625
2022-01-12;905
2022-01-11;800
2022-01-10;0
2022-01-09;5740
2022-01-08;9406
2022-01-07;8700
2022-01-06;10455
2022-01-05;10630
2022-01-04;10324
2022-01-03;9980
2022-01-02;0
2022-01-01;0
2021-12-31;0
2021-12-30;8998
2021-12-29;17480
2021-12-28;9410
2021-12-27;6945
2021-12-26;5840
2021-12-25;0
2021-12-24;0
2021-12-23;3480
2021-12-22;2795
2021-12-21;3505
2021-12-20;0
2021-12-19;9060
2021-12-18;7989
2021-12-17;3325
2021-12-16;1807
2021-12-15;2940
2021-12-14;1905
2021-12-13;0
2021-12-12;8540
2021-12-11;10234
2021-12-10;2725
2021-12-09;2505
2021-12-08;4040
2021-12-07;3720
2021-12-06;0
2021-12-05;10605
2021-12-04;11460
2021-12-03;2967
2021-12-02;1045
2021-12-01;3540
2021-11-30;1505
2021-11-29;200
2021-11-28;21404
2021-11-27;23904
2021-11-26;23960
2021-11-25;3185
2021-11-24;3115
2021-11-23;2365
2021-11-22;0
2021-11-21;10905
2021-11-20;13010
2021-11-19;4465
2021-11-18;2220
2021-11-17;2865
2021-11-16;2605
2021-11-15;0
2021-11-14;8045
2021-11-13;12097
2021-11-12;3237
2021-11-11;3165
2021-11-10;5390
2021-11-09;710
2021-11-08;0
2021-11-07;13585
2021-11-06;21920
2021-11-05;15558
2021-11-04;19225
2021-11-03;28570
2021-11-02;15260
2021-11-01;11925
2021-10-31;17105
2021-10-30;17845
2021-10-29;4335
2021-10-28;4115
2021-10-27;4130
2021-10-26;3160
2021-10-25;0
2021-10-24;8215
2021-10-23;19789
2021-10-22;5590
2021-10-21;3955
2021-10-20;4845
2021-10-19;7470
2021-10-18;0
2021-10-17;11270
2021-10-16;15515
2021-10-15;2677
2021-10-14;3385
2021-10-13;5285
2021-10-12;3720
2021-10-11;0
2021-10-10;8400
2021-10-09;15762
2021-10-08;6170
2021-10-07;4920
2021-10-06;6015
2021-10-05;3300
2021-10-04;0
2021-10-03;10880
2021-10-02;12120
2021-10-01;4170
2021-09-30;4560
2021-09-29;5160
2021-09-28;3445
2021-09-27;0
2021-09-26;8365
2021-09-25;15185
2021-09-24;2840
2021-09-23;2805
2021-09-22;2390
2021-09-21;2235
2021-09-20;0
2021-09-19;10370
2021-09-18;14390
2021-09-17;3275
2021-09-16;3665
2021-09-15;6960
2021-09-14;3640
2021-09-13;2920
2021-09-12;8935
2021-09-11;12865
2021-09-10;4390
2021-09-09;5180
2021-09-08;9305
2021-09-07;2840
2021-09-06;5100
2021-09-05;14335
2021-09-04;15500
2021-09-03;6300
2021-09-02;3410
2021-09-01;8598
2021-08-31;4660
2021-08-30;6285
2021-08-29;11590
2021-08-28;20595
2021-08-27;10500
2021-08-26;7950
2021-08-25;9270
2021-08-24;10064
2021-08-23;6440
2021-08-22;13090
2021-08-21;13980
2021-08-20;9725
2021-08-19;14855
2021-08-18;14550
2021-08-17;11740
2021-08-16;13515
2021-08-15;15235
2021-08-14;23805
2021-08-13;13730
2021-08-12;15995
2021-08-11;23635
2021-08-10;27755
2021-08-09;20610
2021-08-08;19830
2021-08-07;26799
2021-08-06;20267
2021-08-05;23244
2021-08-04;26480
2021-08-03;38665
2021-08-02;25425
2021-08-01;16660
2021-07-31;35440
2021-07-30;34660
2021-07-29;34780
2021-07-28;35265
2021-07-27;32250
2021-07-26;20918
2021-07-25;18480
2021-07-24;19115
2021-07-23;25439
2021-07-22;19395
2021-07-21;32765
2021-07-20;31280
2021-07-19;21745
2021-07-18;19700
2021-07-17;13054
2021-07-16;9775
2021-07-15;11730
2021-07-14;11210
2021-07-13;14915
2021-07-12;12640
2021-07-11;10740
2021-07-10;22790
2021-07-09;17110
2021-07-08;14205
2021-07-07;21294
2021-07-06;11994
2021-07-05;9925
2021-07-04;11305
2021-07-03;17955
2021-07-02;11085
2021-07-01;14804
2021-06-30;15419
2021-06-29;7420
2021-06-28;9670
2021-06-27;9375
2021-06-26;8695
2021-06-25;21105
2021-06-24;6235
2021-06-23;6150
2021-06-22;10180
2021-06-21;5955
2021-06-20;7010
2021-06-19;7380
2021-06-18;1545
2021-06-17;5090
2021-06-16;5600
2021-06-15;4145
2021-06-14;4190
2021-06-13;8090
2021-06-12;8825
2021-06-11;4295
2021-06-10;2225
2021-06-09;2560
2021-06-08;1735
2021-06-07;2065
2021-06-06;5660
2021-06-05;5905
2021-06-04;3665
2021-06-03;1720
2021-06-02;2988
2021-06-01;2345
2021-05-31;1505
2021-05-30;6085
2021-05-29;7170
2021-05-28;2400
2021-05-27;1440
2021-05-26;3010
2021-05-25;2005
2021-05-24;2460
2021-05-23;8110
2021-05-22;7125
2021-05-21;1950
2021-05-20;1080
2021-05-19;1879
2021-05-18;3245
2021-05-17;1310
2021-05-16;5475
2021-05-15;10725
2021-05-14;10395
2021-05-13;9770
2021-05-12;1445
2021-05-11;1675
2021-05-10;490
2021-05-09;5965
2021-05-08;6625
2021-05-07;3505
2021-05-06;1565
2021-05-05;1440
2021-05-04;1115
2021-05-03;495
2021-05-02;5315
2021-05-01;8795
2021-04-30;1160
2021-04-29;1190
2021-04-28;1510
2021-04-27;320
2021-04-26;0
2021-04-25;4025
2021-04-24;6475
2021-04-23;0
2021-04-22;1200
2021-04-21;1180
2021-04-20;910
2021-04-19;0
2021-04-18;2590
2021-04-17;4965
2021-04-16;1470
2021-04-15;640
2021-04-14;1180
2021-04-13;1350
2021-04-12;0
2021-04-11;3547
2021-04-10;6230
2021-04-09;990
2021-04-08;955
2021-04-07;950
2021-04-06;1800
2021-04-05;3045
2021-04-04;6162
2021-04-03;4935
2021-04-02;4847
2021-04-01;1690
2021-03-31;2020
2021-03-30;2102
2021-03-29;1125
2021-03-28;3240
2021-03-27;2120
2021-03-26;540
2021-03-25;180
2021-03-24;385
2021-03-23;340
2021-03-22;0
2021-03-21;3445
2021-03-20;3830
2021-03-19;500
2021-03-18;0
2021-03-17;160
2021-03-16;180
2021-03-15;0
2021-03-14;2510
2021-03-13;2510
2021-03-12;230
2021-03-11;270
2021-03-10;920
2021-03-09;250
2021-03-08;0
2021-03-07;2020
2021-03-06;3380
2021-03-05;360
2021-03-04;270
2021-03-03;690
2021-03-02;0
2021-03-01;0
2021-02-28;4730
2021-02-27;6870
2021-02-26;4140
2021-02-25;4570
2021-02-24;2645
2021-02-23;3140
2021-02-22;2485
2021-02-21;4422
2021-02-20;10430
2021-02-19;2425
2021-02-18;950
2021-02-17;1145
2021-02-16;1140
2021-02-15;0
2021-02-14;2480
2021-02-13;4465
2021-02-12;1465
2021-02-11;1400
2021-02-10;315
2021-02-09;430
2021-02-08;0
2021-02-07;1755
2021-02-06;3905
2021-02-05;1185
2021-02-04;275
2021-02-03;990
2021-02-02;365
2021-02-01;0
2021-01-31;4735
2021-01-30;4100
2021-01-29;160
2021-01-28;460
2021-01-27;0
2021-01-26;320
2021-01-25;0
2021-01-24;0
2021-01-23;0
2021-01-22;0
2021-01-21;0
2021-01-20;0
2021-01-19;0
2021-01-18;0
2021-01-17;0
2021-01-16;0
2021-01-15;0
2021-01-14;0
2021-01-13;0
2021-01-12;0
2021-01-11;0
2021-01-10;0
2021-01-09;0
2021-01-08;0
2021-01-07;0
2021-01-06;0
2021-01-05;0
2021-01-04;0
2021-01-03;0
2021-01-02;0
2021-01-01;0
2020-12-31;0
2020-12-30;0
2020-12-29;0
2020-12-28;0
2020-12-27;0
2020-12-26;0
2020-12-25;0
2020-12-24;0
2020-12-23;995
2020-12-22;1060
2020-12-21;0
2020-12-20;2530
2020-12-19;990
2020-12-18;565
2020-12-17;365
2020-12-16;570
2020-12-15;430
2020-12-14;0
2020-12-13;1845
2020-12-12;2570
2020-12-11;520
2020-12-10;595
2020-12-09;320
2020-12-08;1065
2020-12-07;0
2020-12-06;1975
2020-12-05;2635
2020-12-04;1540
2020-12-03;885
2020-12-02;450
2020-12-01;870
2020-11-30;0
2020-11-29;1625
2020-11-28;2265
2020-11-27;665
2020-11-26;880
2020-11-25;1187
2020-11-24;925
2020-11-23;0
2020-11-22;2635
2020-11-21;1132
2020-11-20;910
2020-11-19;320
2020-11-18;440
2020-11-17;440
2020-11-16;0
2020-11-15;3260
2020-11-14;4916
2020-11-13;1195
2020-11-12;670
2020-11-11;1575
2020-11-10;1795
2020-11-09;0
2020-11-08;3365
2020-11-07;5395
2020-11-06;1385
2020-11-05;870
2020-11-04;1530
2020-11-03;505
2020-11-02;0
2020-11-01;7580
2020-10-31;11055
2020-10-30;9660
2020-10-29;9854
2020-10-28;8630
2020-10-27;9775
2020-10-26;8825
2020-10-25;13605
2020-10-24;15515
2020-10-23;3985
2020-10-22;3810
2020-10-21;3615
2020-10-20;2905
2020-10-19;0
2020-10-18;12023
2020-10-17;13695
2020-10-16;5830
2020-10-15;6370
2020-10-14;6125
2020-10-13;6115
2020-10-12;0
2020-10-11;11967
2020-10-10;21321
2020-10-09;6570
2020-10-08;4335
2020-10-07;7050
2020-10-06;4280
2020-10-05;0
2020-10-04;14599
2020-10-03;18195
2020-10-02;5790
2020-10-01;3270
2020-09-30;4190
2020-09-29;5320
2020-09-28;0
2020-09-27;7252
2020-09-26;21065
2020-09-25;1295
2020-09-24;1510
2020-09-23;1930
2020-09-22;1435
2020-09-21;0
2020-09-20;8070
2020-09-19;7439
2020-09-18;1655
2020-09-17;1135
2020-09-16;2330
2020-09-15;2500
2020-09-14;1725
2020-09-13;4634
2020-09-12;10570
2020-09-11;4560
2020-09-10;3174
2020-09-09;2690
2020-09-08;1245
2020-09-07;1680
2020-09-06;7075
2020-09-05;10745
2020-09-04;2615
2020-09-03;2770
2020-09-02;2270
2020-09-01;2659
2020-08-31;1935
2020-08-30;10705
2020-08-29;12450
2020-08-28;5395
2020-08-27;7515
2020-08-26;7760
2020-08-25;4635
2020-08-24;5439
2020-08-23;8990
2020-08-22;12792
2020-08-21;5265
2020-08-20;5930
2020-08-19;4080
2020-08-18;4415
2020-08-17;2450
2020-08-16;8765
2020-08-15;7230
2020-08-14;5295
2020-08-13;6654
2020-08-12;12119
2020-08-11;9719
2020-08-10;6170
2020-08-09;3295
2020-08-08;9125
2020-08-07;7454
2020-08-06;7935
2020-08-05;21136
2020-08-04;14533
2020-08-03;13393
2020-08-02;11899
2020-08-01;11319
2020-07-31;18040
2020-07-30;22764
2020-07-29;28593
2020-07-28;23149
2020-07-27;21190
2020-07-26;16675
2020-07-25;17698
2020-07-24;23804
2020-07-23;22507
2020-07-22;26125
2020-07-21;26625
2020-07-20;17490
2020-07-19;5175
2020-07-18;9770
2020-07-17;11515
2020-07-16;20509
2020-07-15;24792
2020-07-14;21620
2020-07-13;13285
2020-07-12;14943
2020-07-11;18334
2020-07-10;10360
2020-07-09;14535
2020-07-08;19885
2020-07-07;17120
2020-07-06;17664
2020-07-05;14265
2020-07-04;13710
2020-07-03;7805
2020-07-02;10960
2020-07-01;11550
2020-06-30;8445
2020-06-29;4570
2020-06-28;5480
2020-06-27;4145
2020-06-26;2190
2020-06-25;3610
2020-06-24;2945
2020-06-23;4800
2020-06-22;4920
2020-06-21;3594
2020-06-20;4725
2020-06-19;5305
2020-06-18;2250
2020-06-17;2190
2020-06-16;1020
2020-06-15;3175
2020-06-14;3195
2020-06-13;5314
2020-06-12;3435
2020-06-11;3790
2020-06-10;1835
2020-06-09;1245
2020-06-08;1170
2020-06-07;4695
2020-06-06;7235
2020-06-05;1340
2020-06-04;2295
2020-06-03;1690
2020-06-02;520
2020-06-01;425
2020-05-31;3530
2020-05-30;2415
2020-05-29;1855
2020-05-28;595
2020-05-27;1575
2020-05-26;390
2020-05-25;1530
2020-05-24;4660
2020-05-23;4005
2020-05-22;5080
2020-05-21;3980
2020-05-20;1154
2020-05-19;750
2020-05-18;945
2020-05-17;5325
2020-05-16;4920
2020-05-15;815
2020-05-14;855
2020-05-13;1670
2020-05-12;1050
2020-05-11;885
2020-05-10;2080
2020-05-09;4845
2020-05-08;1565
2020-05-07;1490
2020-05-06;1410
2020-05-05;620
2020-05-04;130
2020-05-03;2800
2020-05-02;4750
2020-05-01;3970
2020-04-30;1470
2020-04-29;430
2020-04-28;610
2020-04-27;0
2020-04-26;1350
2020-04-25;1735
2020-04-24;750
2020-04-23;530
2020-04-22;1175
2020-04-21;250
2020-04-20;0
2020-04-19;630
2020-04-18;1810
2020-04-17;180
2020-04-16;320
2020-04-15;1220
2020-04-14;135
2020-04-13;1270
2020-04-12;5612
2020-04-11;2015
2020-04-10;1899
2020-04-09;2795
2020-04-08;2410
2020-04-07;1309
2020-04-06;620
2020-04-05;2545
2020-04-04;1730
2020-04-03;270
2020-04-02;180
2020-04-01;405
2020-03-31;340
2020-03-30;0
2020-03-29;360
2020-03-28;630
2020-03-27;180
2020-03-26;765
2020-03-25;180
2020-03-24;135
2020-03-23;0
2020-03-22;1085
2020-03-21;990
2020-03-20;162
2020-03-19;0
2020-03-18;90
2020-03-17;450
2020-03-16;0
2020-03-15;1520
2020-03-14;4470
2020-03-13;2925
2020-03-12;2040
2020-03-11;2780
2020-03-10;1957
2020-03-09;0
2020-03-08;8814
2020-03-07;12141
2020-03-06;3824
2020-03-05;1655
2020-03-04;3645
2020-03-03;3055
2020-03-02;0
2020-03-01;7852
2020-02-29;13590
2020-02-28;4935
2020-02-27;3820
2020-02-26;4865
2020-02-25;3550
2020-02-24;0
2020-02-23;33981
2020-02-22;40279
2020-02-21;35630
2020-02-20;32387
2020-02-19;28943
2020-02-18;23599
2020-02-17;20000
2020-02-16;25925
2020-02-15;25650
2020-02-14;5970
2020-02-13;5267
2020-02-12;6225
2020-02-11;4345
2020-02-10;0
2020-02-09;8925
2020-02-08;10715
2020-02-07;4445
2020-02-06;3780
2020-02-05;6230
2020-02-04;3220
2020-02-03;0
2020-02-02;35250
2020-02-01;50550
2020-01-31;2776
2020-01-30;1415
2020-01-29;6882
2020-01-28;3015
2020-01-27;0
2020-01-26;7485
2020-01-25;10152
2020-01-24;3370
2020-01-23;2810
2020-01-22;5135
2020-01-21;2405
2020-01-20;0
2020-01-19;7320
2020-01-18;12496
2020-01-17;3207
2020-01-16;2985
2020-01-15;3627
2020-01-14;1510
2020-01-13;0
2020-01-12;5615
2020-01-11;13004
2020-01-10;3170
2020-01-09;2070
2020-01-08;6200
2020-01-07;4495
2020-01-06;14099
2020-01-05;11725
2020-01-04;16090
2020-01-03;12584
2020-01-02;19908
2020-01-01;0
2019-12-31;0
2019-12-30;14430
2019-12-29;15854
2019-12-28;13835
2019-12-27;17013
2019-12-26;15350
2019-12-25;0
2019-12-24;0
2019-12-23;0
2019-12-22;5220
2019-12-21;8180
2019-12-20;4860
2019-12-19;1800
2019-12-18;5225
2019-12-17;2925
2019-12-16;0
2019-12-15;5970
2019-12-14;5925
2019-12-13;4030
2019-12-12;2255
2019-12-11;2425
2019-12-10;3395
2019-12-09;0
2019-12-08;9335
2019-12-07;12029
2019-12-06;6160
2019-12-05;2850
2019-12-04;3760
2019-12-03;3415
2019-12-02;0
2019-12-01;31635
2019-11-30;18412
2019-11-29;16964
2019-11-28;2850
2019-11-27;3542
2019-11-26;3660
2019-11-25;0
2019-11-24;8494
2019-11-23;12652
2019-11-22;3760
2019-11-21;2735
2019-11-20;3980
2019-11-19;2825
2019-11-18;0
2019-11-17;7920
2019-11-16;13955
2019-11-15;4679
2019-11-14;2175
2019-11-13;6620
2019-11-12;3915
2019-11-11;0
2019-11-10;10011
2019-11-09;18787
2019-11-08;5665
2019-11-07;3780
2019-11-06;4765
2019-11-05;4415
2019-11-04;0
2019-11-03;12919
2019-11-02;26220
2019-11-01;22152
2019-10-31;16300
2019-10-30;24790
2019-10-29;18477
2019-10-28;12939
2019-10-27;18394
2019-10-26;26506
2019-10-25;6335
2019-10-24;3075
2019-10-23;7465
2019-10-22;4840
2019-10-21;0
2019-10-20;8960
2019-10-19;14510
2019-10-18;6990
2019-10-17;5455
2019-10-16;15494
2019-10-15;6595
2019-10-14;480
2019-10-13;13131
2019-10-12;14577
2019-10-11;4610
2019-10-10;7410
2019-10-09;11327
2019-10-08;4210
2019-10-07;0
2019-10-06;12475
2019-10-05;15280
2019-10-04;6220
2019-10-03;6275
2019-10-02;5920
2019-10-01;4675
2019-09-30;0
2019-09-29;11450
2019-09-28;12405
2019-09-27;7515
2019-09-26;5725
2019-09-25;7217
2019-09-24;7290
2019-09-23;0
2019-09-22;7810
2019-09-21;15354
2019-09-20;8985
2019-09-19;6500
2019-09-18;8455
2019-09-17;6800
2019-09-16;0
2019-09-15;15550
2019-09-14;22033
2019-09-13;12220
2019-09-12;11445
2019-09-11;10915
2019-09-10;7435
2019-09-09;12010
2019-09-08;24245
2019-09-07;24075
2019-09-06;9855
2019-09-05;7975
2019-09-04;10775
2019-09-03;9455
2019-09-02;6455
2019-09-01;11435
2019-08-31;10540
2019-08-30;10815
2019-08-29;10685
2019-08-28;10295
2019-08-27;13679
2019-08-26;11585
2019-08-25;14840
2019-08-24;22645
2019-08-23;17240
2019-08-22;19090
2019-08-21;20320
2019-08-20;16724
2019-08-19;11140
2019-08-18;20255
2019-08-17;24890
2019-08-16;15725
2019-08-15;28665
2019-08-14;30072
2019-08-13;29770
2019-08-12;18905
2019-08-11;27035
2019-08-10;25238
2019-08-09;27828
2019-08-08;38005
2019-08-07;34764
2019-08-06;34910
2019-08-05;29561
2019-08-04;19954
2019-08-03;25915
2019-08-02;31860
2019-08-01;47794
2019-07-31;54475
2019-07-30;38000
2019-07-29;20589
2019-07-28;29337
2019-07-27;24060
2019-07-26;14838
2019-07-25;25130
2019-07-24;29097
2019-07-23;41227
2019-07-22;44546
2019-07-21;35235
2019-07-20;29762
2019-07-19;37170
2019-07-18;34408
2019-07-17;43667
2019-07-16;41513
2019-07-15;35889
2019-07-14;26005
2019-07-13;26830
2019-07-12;24490
2019-07-11;24805
2019-07-10;40770
2019-07-09;36610
2019-07-08;36535
2019-07-07;34366
2019-07-06;35463
2019-07-05;32167
2019-07-04;33095
2019-07-03;38338
2019-07-02;37541
2019-07-01;26559
2019-06-30;7590
2019-06-29;16873
2019-06-28;21240
2019-06-27;22920
2019-06-26;20204
2019-06-25;19633
2019-06-24;17960
2019-06-23;19025
2019-06-22;13360
2019-06-21;168584
2019-06-20;13840
2019-06-19;14505
2019-06-18;16595
2019-06-17;12755
2019-06-16;21230
2019-06-15;42418
2019-06-14;7650
2019-06-13;8315
2019-06-12;10060
2019-06-11;7320
2019-06-10;10585
2019-06-09;12365
2019-06-08;18400
2019-06-07;11804
2019-06-06;0
2019-06-05;6565
2019-06-04;5006
2019-06-03;6830
2019-06-02;12345
2019-06-01;17429
2019-05-31;25031
2019-05-30;15600
2019-05-29;7295
2019-05-28;7075
2019-05-27;7450
2019-05-26;11783
2019-05-25;11105
2019-05-24;13020
2019-05-23;11510
2019-05-22;7260
2019-05-21;6280
2019-05-20;4625
2019-05-19;11778
2019-05-18;17764
2019-05-17;6609
2019-05-16;2905
2019-05-15;8050
2019-05-14;4735
2019-05-13;4358
2019-05-12;12034
2019-05-11;25812
2019-05-10;4120
2019-05-09;6790
2019-05-08;5650
2019-05-07;4150
2019-05-06;5000
2019-05-05;13650
2019-05-04;19745
2019-05-03;6355
2019-05-02;8545
2019-05-01;14015
2019-04-30;4535
2019-04-29;0
2019-04-28;7802
2019-04-27;7920
2019-04-26;2954
2019-04-25;2725
2019-04-24;4470
2019-04-23;3255
2019-04-22;9077
2019-04-21;11825
2019-04-20;12689
2019-04-19;14485
2019-04-18;29505
2019-04-17;13245
2019-04-16;10608
2019-04-15;9755
2019-04-14;8450
2019-04-13;10307
2019-04-12;4100
2019-04-11;1490
2019-04-10;2925
2019-04-09;1785
2019-04-08;0
2019-04-07;5560
2019-04-06;6545
2019-04-05;3020
2019-04-04;3145
2019-04-03;3502
2019-04-02;2335
2019-04-01;0
2019-03-31;8549
2019-03-30;8234
2019-03-29;3515
2019-03-28;3580
2019-03-27;5907
2019-03-26;2340
2019-03-25;0
2019-03-24;11015
2019-03-23;15330
2019-03-22;3525
2019-03-21;1970
2019-03-20;3370
2019-03-19;2430
2019-03-18;0
2019-03-17;13635
2019-03-16;15035
2019-03-15;5240
2019-03-14;1695
2019-03-13;4310
2019-03-12;2845
2019-03-11;0
2019-03-10;14595
2019-03-09;15750
2019-03-08;3870
2019-03-07;2127
2019-03-06;3300
2019-03-05;1905
2019-03-04;0
2019-03-03;8860
2019-03-02;13629
2019-03-01;6600
2019-02-28;2230
2019-02-27;4490
2019-02-26;3120
2019-02-25;0
2019-02-24;10345
2019-02-23;14312
2019-02-22;16620
2019-02-21;12050
2019-02-20;13895
2019-02-19;10540
2019-02-18;9250
2019-02-17;13632
2019-02-16;12214
2019-02-15;3390
2019-02-14;3005
2019-02-13;2725
2019-02-12;1665
2019-02-11;0
2019-02-10;5880
2019-02-09;9730
2019-02-08;2255
2019-02-07;1500
2019-02-06;3450
2019-02-05;2240
2019-02-04;0
2019-02-03;39165
2019-02-02;53692
2019-02-01;2189
2019-01-31;1170
2019-01-30;2180
2019-01-29;1360
2019-01-28;0
2019-01-27;7460
2019-01-26;12195
2019-01-25;1165
2019-01-24;1265
2019-01-23;1445
2019-01-22;1090
2019-01-21;0
2019-01-20;4650
2019-01-19;6440
2019-01-18;1425
2019-01-17;1267
2019-01-16;1175
2019-01-15;345
2019-01-14;0
2019-01-13;19800
2019-01-12;11357
2019-01-11;7129
2019-01-10;3625
2019-01-09;4370
2019-01-08;5015
2019-01-07;0
2019-01-06;10743
2019-01-05;16730
2019-01-04;15340
2019-01-03;14193
2019-01-02;8415
2019-01-01;0