datum;intakt
2026-08-31;2790
2026-08-30;5860
2026-08-29;6270
2026-08-28;3250
2026-08-27;3630
2026-08-26;2964
2026-08-25;3305
2026-08-24;5860
2026-08-23;6555
2026-08-22;8680
2026-08-21;3805
2026-08-20;6290
2026-08-19;6920
2026-08-18;4630
2026-08-17;6045
2026-08-16;7325
2026-08-15;7330
2026-08-14;7030
2026-08-13;6665
2026-08-12;7890
2026-08-11;10205
2026-08-10;7120
2026-08-09;8120
2026-08-08;7885
2026-08-07;9250
2026-08-06;9215
2026-08-05;9405
2026-08-04;8145
2026-08-03;9135
2026-08-02;10575
2026-08-01;9415
2026-07-31;10540
2026-07-30;8895
2026-07-29;10125
2026-07-28;14310
2026-07-27;14320
2026-07-26;10775
2026-07-25;14605
2026-07-24;13845
2026-07-23;14325
2026-07-22;13005
2026-07-21;15130
2026-07-20;14335
2026-07-19;12255
2026-07-18;9810
2026-07-17;0
2026-07-16;6945
2026-07-15;6450
2026-07-14;8755
2026-07-13;8105
2026-07-12;6805
2026-07-11;6275
2026-07-10;7575
2026-07-09;7370
2026-07-08;12005
2026-07-07;10805
2026-07-06;10795
2026-07-05;10045
2026-07-04;12000
2026-07-03;6085
2026-07-02;7570
2026-07-01;9450
2026-06-30;7315
2026-06-29;4255
2026-06-28;3470
2026-06-27;2310
2026-06-26;3990
2026-06-25;4710
2026-06-24;4280
2026-06-23;5505
2026-06-22;3660
2026-06-21;4275
2026-06-20;16300
2026-06-19;53710
2026-06-18;3085
2026-06-17;4545
2026-06-16;5460
2026-06-15;6195
2026-06-14;6595
2026-06-13;5765
2026-06-12;5135
2026-06-11;3460
2026-06-10;3085
2026-06-09;2715
2026-06-08;3300
2026-06-07;5800
2026-06-06;53920
2026-06-05;3480
2026-06-04;2985
2026-06-03;1720
2026-06-02;5130
2026-06-01;3695